challengeId,challengeName,status,prize,daysLength,registrationStart,registrationEnd,registrationDate,noOfRegistrations
30039513,"TopCoder Web Arena Prototype - Phase I - Chat Widget",Completed,1500,3,2014-05-18,2014-05-20,2014-05-18,12
30039513,"TopCoder Web Arena Prototype - Phase I - Chat Widget",Completed,1500,3,2014-05-18,2014-05-20,2014-05-19,5
30039513,"TopCoder Web Arena Prototype - Phase I - Chat Widget",Completed,1500,3,2014-05-18,2014-05-20,2014-05-20,3
30040926,"Module Assembly - Web Arena UI - Chat Widget",Completed,2100,3,2014-06-06,2014-06-08,2014-06-06,9
30040926,"Module Assembly - Web Arena UI - Chat Widget",Completed,2100,3,2014-06-06,2014-06-08,2014-06-07,8
30040926,"Module Assembly - Web Arena UI - Chat Widget",Completed,2100,3,2014-06-06,2014-06-08,2014-06-08,1
30040927,"Module Assembly - Web Arena UI - Rating Indicator",Completed,1200,3,2014-06-17,2014-06-19,2014-06-17,8
30040927,"Module Assembly - Web Arena UI - Rating Indicator",Completed,1200,3,2014-06-17,2014-06-19,2014-06-18,5
30040927,"Module Assembly - Web Arena UI - Rating Indicator",Completed,1200,3,2014-06-17,2014-06-19,2014-06-19,3
30040928,"Quick 72hrs!!! Module Assembly - Web Arena - Match Plan Widget and Match Schedule Page Improvement",Completed,900,3,2015-01-05,2015-01-07,2015-01-05,9
30040928,"Quick 72hrs!!! Module Assembly - Web Arena - Match Plan Widget and Match Schedule Page Improvement",Completed,900,3,2015-01-05,2015-01-07,2015-01-06,3
30040928,"Quick 72hrs!!! Module Assembly - Web Arena - Match Plan Widget and Match Schedule Page Improvement",Completed,900,3,2015-01-05,2015-01-07,2015-01-07,4
30040930,"Module Assembly -  Web Arena UI - Coding IDE Part 2",Completed,2100,3,2014-05-29,2014-05-31,2014-05-29,10
30040930,"Module Assembly -  Web Arena UI - Coding IDE Part 2",Completed,2100,3,2014-05-29,2014-05-31,2014-05-30,7
30040930,"Module Assembly -  Web Arena UI - Coding IDE Part 2",Completed,2100,3,2014-05-29,2014-05-31,2014-05-31,1
30040934,"Fast 96hrs!!! Module Assembly - Practice Problem Listing Page",Completed,1500,3,2014-10-07,2014-10-09,2014-10-07,4
30040934,"Fast 96hrs!!! Module Assembly - Practice Problem Listing Page",Completed,1500,3,2014-10-07,2014-10-09,2014-10-08,8
30040934,"Fast 96hrs!!! Module Assembly - Practice Problem Listing Page",Completed,1500,3,2014-10-07,2014-10-09,2014-10-09,1
30041547,"Module Assembly - TopCoder Competition Engine - Responses for Challenges and Challengers","Cancelled - Zero Sub",2100,3,2014-08-01,2014-08-03,2014-08-01,7
30041547,"Module Assembly - TopCoder Competition Engine - Responses for Challenges and Challengers","Cancelled - Zero Sub",2100,3,2014-08-01,2014-08-03,2014-08-02,3
30041547,"Module Assembly - TopCoder Competition Engine - Responses for Challenges and Challengers","Cancelled - Zero Sub",2100,3,2014-08-01,2014-08-03,2014-08-03,2
30041572,"TC API - SRM Practice Problems API",Completed,2100,3,2014-09-19,2014-09-21,2014-09-19,8
30041572,"TC API - SRM Practice Problems API",Completed,2100,3,2014-09-19,2014-09-21,2014-09-20,7
30041573,"Module Assembly - Web Arena UI - Division Summary",Completed,2100,3,2014-07-11,2014-07-13,2014-07-11,11
30041573,"Module Assembly - Web Arena UI - Division Summary",Completed,2100,3,2014-07-11,2014-07-13,2014-07-12,4
30041573,"Module Assembly - Web Arena UI - Division Summary",Completed,2100,3,2014-07-11,2014-07-13,2014-07-13,4
30041577,"TC HTML5 Web Arena Bug Hunt - Active Contests Widget",Completed,500,5,2014-05-20,2014-05-24,2014-05-20,1
30041577,"TC HTML5 Web Arena Bug Hunt - Active Contests Widget",Completed,500,5,2014-05-20,2014-05-24,2014-05-21,8
30041577,"TC HTML5 Web Arena Bug Hunt - Active Contests Widget",Completed,500,5,2014-05-20,2014-05-24,2014-05-22,1
30041578,"TC HTML5 Web Arena Bug Hunt - Contest Page",Completed,400,3,2014-05-26,2014-05-28,2014-05-26,6
30041578,"TC HTML5 Web Arena Bug Hunt - Contest Page",Completed,400,3,2014-05-26,2014-05-28,2014-05-27,3
30041579,"TC HTML5 Web Arena Bug Hunt - Competing Page",Completed,400,3,2014-06-08,2014-06-10,2014-06-08,4
30041579,"TC HTML5 Web Arena Bug Hunt - Competing Page",Completed,400,3,2014-06-08,2014-06-10,2014-06-09,5
30041605,"Fast 72hrs!!! Module Assembly - Web Arena UI - Dashboard - Active Users and Leaderboard Panel",Completed,750,3,2014-09-08,2014-09-10,2014-09-08,9
30041605,"Fast 72hrs!!! Module Assembly - Web Arena UI - Dashboard - Active Users and Leaderboard Panel",Completed,750,3,2014-09-08,2014-09-10,2014-09-09,3
30042354,"TopCoder Web Arena Prototype - Phase I - Theme Switcher",Completed,1650,3,2014-05-28,2014-05-30,2014-05-28,9
30042354,"TopCoder Web Arena Prototype - Phase I - Theme Switcher",Completed,1650,3,2014-05-28,2014-05-30,2014-05-29,8
30042354,"TopCoder Web Arena Prototype - Phase I - Theme Switcher",Completed,1650,3,2014-05-28,2014-05-30,2014-05-30,2
30042355,"Module Assembly - Web Arena UI - Coding IDE Part 1",Completed,2100,3,2014-05-18,2014-05-20,2014-05-18,13
30042355,"Module Assembly - Web Arena UI - Coding IDE Part 1",Completed,2100,3,2014-05-18,2014-05-20,2014-05-19,10
30042355,"Module Assembly - Web Arena UI - Coding IDE Part 1",Completed,2100,3,2014-05-18,2014-05-20,2014-05-20,1
30042576,"TopCoder Competition Engine - Web Socket Listener - Add configuration for using SSL or not",Completed,60,31,2014-05-07,2014-06-06,2014-05-07,3
30042578,"Module Assembly - Web Arena UI - Challenge Phase",Completed,2100,3,2014-06-08,2014-06-10,2014-06-08,7
30042578,"Module Assembly - Web Arena UI - Challenge Phase",Completed,2100,3,2014-06-08,2014-06-10,2014-06-09,10
30042578,"Module Assembly - Web Arena UI - Challenge Phase",Completed,2100,3,2014-06-08,2014-06-10,2014-06-10,1
30042579,"TC HTML5 Web Arena Bug Hunt - Chat and Challenge Features",Completed,400,3,2014-06-19,2014-06-21,2014-06-19,6
30042579,"TC HTML5 Web Arena Bug Hunt - Chat and Challenge Features",Completed,400,3,2014-06-19,2014-06-21,2014-06-20,3
30042582,"Module Assembly - Web Arena UI - System Tests",Completed,1500,3,2014-06-12,2014-06-14,2014-06-12,8
30042582,"Module Assembly - Web Arena UI - System Tests",Completed,1500,3,2014-06-12,2014-06-14,2014-06-13,6
30042582,"Module Assembly - Web Arena UI - System Tests",Completed,1500,3,2014-06-12,2014-06-14,2014-06-14,1
30042583,"TC HTML5 Web Arena Bug Hunt - Phase I Functionalties",Completed,500,3,2014-06-27,2014-06-29,2014-06-27,8
30042583,"TC HTML5 Web Arena Bug Hunt - Phase I Functionalties",Completed,500,3,2014-06-27,2014-06-29,2014-06-28,1
30042584,"Module Assembly - Web Arena UI - Phase I  Bug Fix",Completed,1800,3,2014-06-14,2014-06-16,2014-06-14,8
30042584,"Module Assembly - Web Arena UI - Phase I  Bug Fix",Completed,1800,3,2014-06-14,2014-06-16,2014-06-15,4
30042585,"Module Assembly - Web Arena UI - Notifications",Completed,1200,3,2014-07-30,2014-08-01,2014-07-30,10
30042585,"Module Assembly - Web Arena UI - Notifications",Completed,1200,3,2014-07-30,2014-08-01,2014-07-31,5
30042585,"Module Assembly - Web Arena UI - Notifications",Completed,1200,3,2014-07-30,2014-08-01,2014-08-01,1
30042588,"72hr!!! Module Assembly - Web Arena UI Fix",Completed,1200,3,2014-06-04,2014-06-06,2014-06-04,8
30042588,"72hr!!! Module Assembly - Web Arena UI Fix",Completed,1200,3,2014-06-04,2014-06-06,2014-06-05,1
30043414,"Module Assembly - Web Arena UI - Rooms Tab",Completed,2100,3,2014-07-21,2014-07-23,2014-07-21,6
30043414,"Module Assembly - Web Arena UI - Rooms Tab",Completed,2100,3,2014-07-21,2014-07-23,2014-07-22,7
30043414,"Module Assembly - Web Arena UI - Rooms Tab",Completed,2100,3,2014-07-21,2014-07-23,2014-07-23,2
30043415,"Module Assembly - Web Arena UI - Challenges and Challengers",Completed,1800,3,2014-08-20,2014-08-22,2014-08-20,8
30043415,"Module Assembly - Web Arena UI - Challenges and Challengers",Completed,1800,3,2014-08-20,2014-08-22,2014-08-21,2
30043415,"Module Assembly - Web Arena UI - Challenges and Challengers",Completed,1800,3,2014-08-20,2014-08-22,2014-08-22,3
30043472,"Create Demo For Practice Room Actions",Completed,200,31,2014-06-14,2014-07-14,2014-06-14,11
30043472,"Create Demo For Practice Room Actions",Completed,200,31,2014-06-14,2014-07-14,2014-06-15,5
30043484,"TopCoder Competition Engine - Create Practice Rooms",Completed,100,31,2014-06-16,2014-07-16,2014-06-16,1
30043514,"TopCoder Competition Engine - Algorithm Contest Creation Analysis",Completed,100,31,2014-06-17,2014-07-17,2014-06-17,7
30043514,"TopCoder Competition Engine - Algorithm Contest Creation Analysis",Completed,100,31,2014-06-17,2014-07-17,2014-06-18,5
30043514,"TopCoder Competition Engine - Algorithm Contest Creation Analysis",Completed,100,31,2014-06-17,2014-07-17,2014-06-19,1
30043644,"Module Assembly - SRM Contest Management APIs",Completed,900,3,2014-06-23,2014-06-25,2014-06-23,10
30043644,"Module Assembly - SRM Contest Management APIs",Completed,900,3,2014-06-23,2014-06-25,2014-06-24,3
30043644,"Module Assembly - SRM Contest Management APIs",Completed,900,3,2014-06-23,2014-06-25,2014-06-25,1
30043666,"Web Arena UI - Add Timeout logic for Login",Completed,80,31,2014-06-23,2014-07-23,2014-06-24,5
30043666,"Web Arena UI - Add Timeout logic for Login",Completed,80,31,2014-06-23,2014-07-23,2014-06-25,1
30043739,"Module Assembly - Web Arena UI - Phase I Bug Fix 2",Completed,2100,3,2014-07-09,2014-07-11,2014-07-09,11
30043739,"Module Assembly - Web Arena UI - Phase I Bug Fix 2",Completed,2100,3,2014-07-09,2014-07-11,2014-07-10,1
30043739,"Module Assembly - Web Arena UI - Phase I Bug Fix 2",Completed,2100,3,2014-07-09,2014-07-11,2014-07-11,2
30043820,"Web Arena UI - Orange Theme Support",Completed,1500,3,2014-06-30,2014-07-02,2014-06-30,4
30043820,"Web Arena UI - Orange Theme Support",Completed,1500,3,2014-06-30,2014-07-02,2014-07-01,5
30043821,"Module Assembly - SRM Round Management APIs",Completed,1050,3,2014-07-01,2014-07-03,2014-07-01,11
30043821,"Module Assembly - SRM Round Management APIs",Completed,1050,3,2014-07-01,2014-07-03,2014-07-02,3
30043822,"Module Assembly - SRM Round Configuration APIs Part 1",Completed,1050,3,2014-07-07,2014-07-09,2014-07-07,11
30043822,"Module Assembly - SRM Round Configuration APIs Part 1",Completed,1050,3,2014-07-07,2014-07-09,2014-07-08,2
30043822,"Module Assembly - SRM Round Configuration APIs Part 1",Completed,1050,3,2014-07-07,2014-07-09,2014-07-09,1
30043823,"Module Assembly - SRM Round Configuration APIs Part 2",Completed,1500,3,2014-07-09,2014-07-11,2014-07-09,8
30043823,"Module Assembly - SRM Round Configuration APIs Part 2",Completed,1500,3,2014-07-09,2014-07-11,2014-07-11,3
30044075,"Module Assembly - SRM Round Configuration APIs Part 3",Completed,900,3,2014-07-11,2014-07-13,2014-07-11,7
30044075,"Module Assembly - SRM Round Configuration APIs Part 3",Completed,900,3,2014-07-11,2014-07-13,2014-07-12,4
30044075,"Module Assembly - SRM Round Configuration APIs Part 3",Completed,900,3,2014-07-11,2014-07-13,2014-07-13,1
30044078,"Find Way to Create Invitional SRM",Completed,80,31,2014-07-09,2014-08-08,2014-07-09,1
30044078,"Find Way to Create Invitional SRM",Completed,80,31,2014-07-09,2014-08-08,2014-07-11,1
30044079,"Web Arena UI - Contest Creation Wizard UI Prototype",Completed,1650,3,2014-08-15,2014-08-17,2014-08-15,6
30044079,"Web Arena UI - Contest Creation Wizard UI Prototype",Completed,1650,3,2014-08-15,2014-08-17,2014-08-16,6
30044080,"Module Assembly - Web Arena UI - Contest Creation Wizard",Completed,2100,3,2014-08-28,2014-08-30,2014-08-28,4
30044080,"Module Assembly - Web Arena UI - Contest Creation Wizard",Completed,2100,3,2014-08-28,2014-08-30,2014-08-29,4
30044150,"Module Assembly - Web Arena UI - Phase I Bug Fix 3",Completed,2100,3,2014-07-13,2014-07-15,2014-07-13,11
30044150,"Module Assembly - Web Arena UI - Phase I Bug Fix 3",Completed,2100,3,2014-07-13,2014-07-15,2014-07-14,8
30044150,"Module Assembly - Web Arena UI - Phase I Bug Fix 3",Completed,2100,3,2014-07-13,2014-07-15,2014-07-15,2
30044444,"Module Assembly - TopCoder Competition Engine - Batch Test Support","Cancelled - Zero Sub",1500,3,2014-07-21,2014-07-23,2014-07-21,3
30044444,"Module Assembly - TopCoder Competition Engine - Batch Test Support","Cancelled - Zero Sub",1500,3,2014-07-21,2014-07-23,2014-07-22,7
30044444,"Module Assembly - TopCoder Competition Engine - Batch Test Support","Cancelled - Zero Sub",1500,3,2014-07-21,2014-07-23,2014-07-23,3
30044518,"TC HTML5 Web Arena Bug Hunt - Division Summary",Completed,400,4,2014-07-24,2014-07-27,2014-07-24,9
30044518,"TC HTML5 Web Arena Bug Hunt - Division Summary",Completed,400,4,2014-07-24,2014-07-27,2014-07-25,3
30044518,"TC HTML5 Web Arena Bug Hunt - Division Summary",Completed,400,4,2014-07-24,2014-07-27,2014-07-27,1
30044567,"Fast 48hrs!! Module Assembly - Web Arena - Fix Problems with Long Answer Personal Questions",Completed,600,3,2014-12-04,2014-12-06,2014-12-04,3
30044567,"Fast 48hrs!! Module Assembly - Web Arena - Fix Problems with Long Answer Personal Questions",Completed,600,3,2014-12-04,2014-12-06,2014-12-05,5
30044567,"Fast 48hrs!! Module Assembly - Web Arena - Fix Problems with Long Answer Personal Questions",Completed,600,3,2014-12-04,2014-12-06,2014-12-06,2
30044591,"Module Assembly - TopCoder Competition Engine - Batch Test Support",Completed,1800,3,2014-07-28,2014-07-30,2014-07-29,9
30044591,"Module Assembly - TopCoder Competition Engine - Batch Test Support",Completed,1800,3,2014-07-28,2014-07-30,2014-07-30,3
30044640,"Fast 72hr!! Module Assembly - Web Arena UI - Coder History",Completed,750,3,2014-08-15,2014-08-17,2014-08-15,10
30044640,"Fast 72hr!! Module Assembly - Web Arena UI - Coder History",Completed,750,3,2014-08-15,2014-08-17,2014-08-16,7
30044641,"Module Assembly - Web Arena UI - Test Panel Update for Batch Testing",Completed,1800,3,2014-08-25,2014-08-27,2014-08-25,7
30044641,"Module Assembly - Web Arena UI - Test Panel Update for Batch Testing",Completed,1800,3,2014-08-25,2014-08-27,2014-08-26,5
30044641,"Module Assembly - Web Arena UI - Test Panel Update for Batch Testing",Completed,1800,3,2014-08-25,2014-08-27,2014-08-27,2
30044671,"Module Assembly - Web Arena UI - Phase I Bug Fix 4",Completed,2100,3,2014-07-31,2014-08-02,2014-07-31,7
30044671,"Module Assembly - Web Arena UI - Phase I Bug Fix 4",Completed,2100,3,2014-07-31,2014-08-02,2014-08-01,5
30044671,"Module Assembly - Web Arena UI - Phase I Bug Fix 4",Completed,2100,3,2014-07-31,2014-08-02,2014-08-02,2
30044684,"TC HTML5 Web Arena Bug Hunt - Rooms Tab",Completed,500,4,2014-08-01,2014-08-04,2014-08-01,4
30044684,"TC HTML5 Web Arena Bug Hunt - Rooms Tab",Completed,500,4,2014-08-01,2014-08-04,2014-08-02,4
30044684,"TC HTML5 Web Arena Bug Hunt - Rooms Tab",Completed,500,4,2014-08-01,2014-08-04,2014-08-04,1
30044687,"TC API - Update SRM related Routes",Completed,100,31,2014-08-02,2014-09-01,2014-08-02,4
30044688,"Module Assembly - SRM Round Configuration APIs Part 4",Completed,750,3,2014-08-09,2014-08-11,2014-08-09,7
30044688,"Module Assembly - SRM Round Configuration APIs Part 4",Completed,750,3,2014-08-09,2014-08-11,2014-08-10,2
30044688,"Module Assembly - SRM Round Configuration APIs Part 4",Completed,750,3,2014-08-09,2014-08-11,2014-08-11,2
30044690,"Module Assembly - Web Socket Listener - Porting Round Load Related Events",Completed,1200,3,2014-08-15,2014-08-17,2014-08-15,11
30044690,"Module Assembly - Web Socket Listener - Porting Round Load Related Events",Completed,1200,3,2014-08-15,2014-08-17,2014-08-16,6
30044690,"Module Assembly - Web Socket Listener - Porting Round Load Related Events",Completed,1200,3,2014-08-15,2014-08-17,2014-08-17,4
30044702,"TC HTML5 Web Arena Bug Hunt - Contest Creation Wizard",Completed,300,3,2014-09-14,2014-09-16,2014-09-14,7
30044702,"TC HTML5 Web Arena Bug Hunt - Contest Creation Wizard",Completed,300,3,2014-09-14,2014-09-16,2014-09-15,1
30044703,"PoC Assembly - TopCoder Competition Engine - Python IO Problem Reproduce","Cancelled - Zero Sub",1200,3,2015-01-15,2015-01-17,2015-01-15,7
30044703,"PoC Assembly - TopCoder Competition Engine - Python IO Problem Reproduce","Cancelled - Zero Sub",1200,3,2015-01-15,2015-01-17,2015-01-16,8
30044703,"PoC Assembly - TopCoder Competition Engine - Python IO Problem Reproduce","Cancelled - Zero Sub",1200,3,2015-01-15,2015-01-17,2015-01-17,2
30044704,"Web Arena UI - Contest Management and Problem Assignment UI Prototype","Cancelled - Zero Sub",1800,3,2014-09-08,2014-09-10,2014-09-08,4
30044704,"Web Arena UI - Contest Management and Problem Assignment UI Prototype","Cancelled - Zero Sub",1800,3,2014-09-08,2014-09-10,2014-09-09,1
30044704,"Web Arena UI - Contest Management and Problem Assignment UI Prototype","Cancelled - Zero Sub",1800,3,2014-09-08,2014-09-10,2014-09-10,1
30044705,"Module Assembly - Web Arena UI - Contest Management and Problem Assignment",Completed,2100,3,2014-09-28,2014-09-30,2014-09-28,8
30044705,"Module Assembly - Web Arena UI - Contest Management and Problem Assignment",Completed,2100,3,2014-09-28,2014-09-30,2014-09-29,8
30044707,"Web Arena UI - Contest Configurations UI Prototype","Cancelled - Zero Sub",1500,3,2014-09-12,2014-09-14,2014-09-12,3
30044707,"Web Arena UI - Contest Configurations UI Prototype","Cancelled - Zero Sub",1500,3,2014-09-12,2014-09-14,2014-09-13,1
30044707,"Web Arena UI - Contest Configurations UI Prototype","Cancelled - Zero Sub",1500,3,2014-09-12,2014-09-14,2014-09-14,1
30044709,"TC HTML5 Web Arena Bug Hunt - Test Panel For Batch Testing",Completed,500,3,2014-09-05,2014-09-07,2014-09-05,6
30044709,"TC HTML5 Web Arena Bug Hunt - Test Panel For Batch Testing",Completed,500,3,2014-09-05,2014-09-07,2014-09-07,1
30044858,"Module Assembly - Topcoder Competition Engine - Eligibility Questions Validation",Completed,1800,3,2014-08-07,2014-08-09,2014-08-07,8
30044858,"Module Assembly - Topcoder Competition Engine - Eligibility Questions Validation",Completed,1800,3,2014-08-07,2014-08-09,2014-08-08,3
30044858,"Module Assembly - Topcoder Competition Engine - Eligibility Questions Validation",Completed,1800,3,2014-08-07,2014-08-09,2014-08-09,1
30044868,"Module Assembly - Web Arena UI - Suvery and Questions Support For Contest Registration",Completed,1200,3,2014-08-18,2014-08-20,2014-08-18,10
30044868,"Module Assembly - Web Arena UI - Suvery and Questions Support For Contest Registration",Completed,1200,3,2014-08-18,2014-08-20,2014-08-19,3
30044868,"Module Assembly - Web Arena UI - Suvery and Questions Support For Contest Registration",Completed,1200,3,2014-08-18,2014-08-20,2014-08-20,4
30044902,"Module Assembly - TopCoder Competition Engine - Responses for Challenges and Challengers",Completed,2400,3,2014-08-08,2014-08-10,2014-08-09,9
30044902,"Module Assembly - TopCoder Competition Engine - Responses for Challenges and Challengers",Completed,2400,3,2014-08-08,2014-08-10,2014-08-10,3
30044943,"Web Arena UI - Test Panel and Report Improvement",Completed,900,3,2014-08-11,2014-08-13,2014-08-11,3
30044943,"Web Arena UI - Test Panel and Report Improvement",Completed,900,3,2014-08-11,2014-08-13,2014-08-12,6
30044982,"Module Assembly - Web Arena UI - Phase I Bug Fix 5",Completed,1500,3,2014-08-13,2014-08-15,2014-08-13,9
30044982,"Module Assembly - Web Arena UI - Phase I Bug Fix 5",Completed,1500,3,2014-08-13,2014-08-15,2014-08-14,5
30044982,"Module Assembly - Web Arena UI - Phase I Bug Fix 5",Completed,1500,3,2014-08-13,2014-08-15,2014-08-15,2
30045033,"Module Assembly - Web Socket Listener - Backend Logic Update To Generate and Return the image",Completed,2100,3,2014-11-27,2014-11-29,2014-11-27,9
30045033,"Module Assembly - Web Socket Listener - Backend Logic Update To Generate and Return the image",Completed,2100,3,2014-11-27,2014-11-29,2014-11-28,5
30045033,"Module Assembly - Web Socket Listener - Backend Logic Update To Generate and Return the image",Completed,2100,3,2014-11-27,2014-11-29,2014-11-29,3
30045034,"Module Assembly - Web Arena - Show Code Image Instead of Text in Challenge Phase",Completed,1200,3,2015-01-15,2015-01-17,2015-01-15,10
30045034,"Module Assembly - Web Arena - Show Code Image Instead of Text in Challenge Phase",Completed,1200,3,2015-01-15,2015-01-17,2015-01-16,5
30045034,"Module Assembly - Web Arena - Show Code Image Instead of Text in Challenge Phase",Completed,1200,3,2015-01-15,2015-01-17,2015-01-17,4
30045035,"Web Arena - Fix Login Problem with Safari",Completed,100,31,2015-01-15,2015-02-14,2015-01-15,8
30045035,"Web Arena - Fix Login Problem with Safari",Completed,100,31,2015-01-15,2015-02-14,2015-01-16,2
30045035,"Web Arena - Fix Login Problem with Safari",Completed,100,31,2015-01-15,2015-02-14,2015-01-17,1
30045035,"Web Arena - Fix Login Problem with Safari",Completed,100,31,2015-01-15,2015-02-14,2015-01-18,1
30045066,"Web Arena UI - Use Custom Scrollbar for Coder Info Dialog",Completed,50,31,2014-08-15,2014-09-14,2014-08-15,6
30045066,"Web Arena UI - Use Custom Scrollbar for Coder Info Dialog",Completed,50,31,2014-08-15,2014-09-14,2014-08-18,2
30045067,"Web Arena UI - Member Photo Display",Completed,100,31,2014-08-20,2014-09-19,2014-08-20,4
30045067,"Web Arena UI - Member Photo Display",Completed,100,31,2014-08-20,2014-09-19,2014-08-25,1
30045174,"Fast!!! 72hr! Web Arena UI - Active Users and Leaderboard UI Prototype","Cancelled - Zero Sub",600,3,2014-08-19,2014-08-21,2014-08-19,5
30045174,"Fast!!! 72hr! Web Arena UI - Active Users and Leaderboard UI Prototype","Cancelled - Zero Sub",600,3,2014-08-19,2014-08-21,2014-08-20,3
30045174,"Fast!!! 72hr! Web Arena UI - Active Users and Leaderboard UI Prototype","Cancelled - Zero Sub",600,3,2014-08-19,2014-08-21,2014-08-21,2
30045175,"Web Arena UI - Registrants Dialog Improvement",Completed,200,31,2014-09-03,2014-10-03,2014-09-03,5
30045175,"Web Arena UI - Registrants Dialog Improvement",Completed,200,31,2014-09-03,2014-10-03,2014-09-04,1
30045211,"Fast 72hrs!! Web Arena UI - Notifications and Small Changes",Completed,600,3,2014-09-05,2014-09-07,2014-09-05,3
30045211,"Fast 72hrs!! Web Arena UI - Notifications and Small Changes",Completed,600,3,2014-09-05,2014-09-07,2014-09-06,2
30045211,"Fast 72hrs!! Web Arena UI - Notifications and Small Changes",Completed,600,3,2014-09-05,2014-09-07,2014-09-07,3
30045212,"Approach Research - Generate Image file for Source Code",Completed,100,31,2014-08-20,2014-09-19,2014-08-20,5
30045213,"Web Arena UI - Calendar Update for Contest Plan","Cancelled - Zero Sub",2250,3,2014-08-28,2014-08-30,2014-08-28,1
30045213,"Web Arena UI - Calendar Update for Contest Plan","Cancelled - Zero Sub",2250,3,2014-08-28,2014-08-30,2014-08-29,2
30045213,"Web Arena UI - Calendar Update for Contest Plan","Cancelled - Zero Sub",2250,3,2014-08-28,2014-08-30,2014-08-30,1
30045311,"Fast!!! 96hrs! Web Arena UI - Active Users and Leaderboard UI Prototype",Completed,750,3,2014-08-23,2014-08-25,2014-08-23,4
30045311,"Fast!!! 96hrs! Web Arena UI - Active Users and Leaderboard UI Prototype",Completed,750,3,2014-08-23,2014-08-25,2014-08-24,2
30045311,"Fast!!! 96hrs! Web Arena UI - Active Users and Leaderboard UI Prototype",Completed,750,3,2014-08-23,2014-08-25,2014-08-25,3
30045320,"Fast 72hrs!!! Module Assembly - Web Socket Listener - Track User Actions From Web Arena",Completed,750,3,2014-08-23,2014-08-25,2014-08-23,8
30045320,"Fast 72hrs!!! Module Assembly - Web Socket Listener - Track User Actions From Web Arena",Completed,750,3,2014-08-23,2014-08-25,2014-08-24,1
30045535,"TC HTML5 Web Arena Bug Hunt - Suvery and Questions Support For Contest Registration",Completed,300,3,2014-09-02,2014-09-04,2014-09-02,6
30045535,"TC HTML5 Web Arena Bug Hunt - Suvery and Questions Support For Contest Registration",Completed,300,3,2014-09-02,2014-09-04,2014-09-03,1
30045536,"TC HTML5 Web Arena Bug Hunt - Challenges and Challengers",Completed,300,3,2014-09-02,2014-09-04,2014-09-02,7
30045585,"SRM Round Configuration APIs - Set Round Segments API",Completed,200,31,2014-09-04,2014-10-04,2014-09-04,3
30045585,"SRM Round Configuration APIs - Set Round Segments API",Completed,200,31,2014-09-04,2014-10-04,2014-09-05,1
30045585,"SRM Round Configuration APIs - Set Round Segments API",Completed,200,31,2014-09-04,2014-10-04,2014-09-07,1
30045627,"Web Arena UI - Calendar Update for Contest Plan","Cancelled - Zero Sub",2250,3,2014-09-06,2014-09-08,2014-09-06,1
30045627,"Web Arena UI - Calendar Update for Contest Plan","Cancelled - Zero Sub",2250,3,2014-09-06,2014-09-08,2014-09-07,5
30045627,"Web Arena UI - Calendar Update for Contest Plan","Cancelled - Zero Sub",2250,3,2014-09-06,2014-09-08,2014-09-08,3
30045643,"Web Arena - Add Grunt Jslint Task",Completed,30,31,2014-09-05,2014-10-05,2014-09-06,4
30045694,"PoC Assembly - Share Member Status To Facebook and Twitter",Completed,1200,3,2014-09-18,2014-09-20,2014-09-18,10
30045694,"PoC Assembly - Share Member Status To Facebook and Twitter",Completed,1200,3,2014-09-18,2014-09-20,2014-09-19,3
30045694,"PoC Assembly - Share Member Status To Facebook and Twitter",Completed,1200,3,2014-09-18,2014-09-20,2014-09-20,1
30045695,"PoC Assembly - Invite friends To Participate On A Match From Facebook and Twitter",Completed,1500,3,2014-09-17,2014-09-19,2014-09-17,8
30045695,"PoC Assembly - Invite friends To Participate On A Match From Facebook and Twitter",Completed,1500,3,2014-09-17,2014-09-19,2014-09-18,4
30045695,"PoC Assembly - Invite friends To Participate On A Match From Facebook and Twitter",Completed,1500,3,2014-09-17,2014-09-19,2014-09-19,3
30045699,"Create SRM Contest API Update",Completed,50,31,2014-09-09,2014-10-09,2014-09-09,5
30045700,"Create Round API Update",Completed,50,31,2014-09-09,2014-10-09,2014-09-09,1
30045703,"Module Assembly - Web Arena Bug Fix 20140909",Completed,1800,3,2014-09-09,2014-09-11,2014-09-09,8
30045703,"Module Assembly - Web Arena Bug Fix 20140909",Completed,1800,3,2014-09-09,2014-09-11,2014-09-10,2
30045703,"Module Assembly - Web Arena Bug Fix 20140909",Completed,1800,3,2014-09-09,2014-09-11,2014-09-11,2
30045719,"Module Assembly - Web Arena - Local Chat Persistence",Completed,1500,3,2014-09-12,2014-09-14,2014-09-12,5
30045719,"Module Assembly - Web Arena - Local Chat Persistence",Completed,1500,3,2014-09-12,2014-09-14,2014-09-13,5
30045719,"Module Assembly - Web Arena - Local Chat Persistence",Completed,1500,3,2014-09-12,2014-09-14,2014-09-14,6
30045724,"Web Arena - Play Sounds for Whisper and Reply to messages",Completed,50,31,2014-09-10,2014-10-10,2014-09-10,5
30045724,"Web Arena - Play Sounds for Whisper and Reply to messages",Completed,50,31,2014-09-10,2014-10-10,2014-09-11,1
30045725,"Web Arena - Fix Constraints Display Problem in Problem Statement Section",Completed,50,31,2014-09-10,2014-10-10,2014-09-10,5
30045725,"Web Arena - Fix Constraints Display Problem in Problem Statement Section",Completed,50,31,2014-09-10,2014-10-10,2014-09-11,1
30045725,"Web Arena - Fix Constraints Display Problem in Problem Statement Section",Completed,50,31,2014-09-10,2014-10-10,2014-09-13,1
30045726,"Web Arena - Limit the Number Messages in the Chat Widget",Completed,80,31,2014-09-10,2014-10-10,2014-09-10,6
30045741,"Web Arena - Contest Creation Wizard Update",Completed,50,31,2014-09-11,2014-10-11,2014-09-11,4
30045822,"Web Arena UI - Contest Management and Problem Assignment UI Prototype",Completed,2100,3,2014-09-15,2014-09-17,2014-09-15,4
30045822,"Web Arena UI - Contest Management and Problem Assignment UI Prototype",Completed,2100,3,2014-09-15,2014-09-17,2014-09-16,3
30045822,"Web Arena UI - Contest Management and Problem Assignment UI Prototype",Completed,2100,3,2014-09-15,2014-09-17,2014-09-17,2
30045955,"Web Arena QA for 201409 Release",Completed,500,3,2014-09-21,2014-09-23,2014-09-21,8
30045955,"Web Arena QA for 201409 Release",Completed,500,3,2014-09-21,2014-09-23,2014-09-22,2
30045955,"Web Arena QA for 201409 Release",Completed,500,3,2014-09-21,2014-09-23,2014-09-23,1
30045957,"Arena Applet QA for 201409 Release",Completed,500,3,2014-09-21,2014-09-23,2014-09-21,8
30045957,"Arena Applet QA for 201409 Release",Completed,500,3,2014-09-21,2014-09-23,2014-09-22,2
30045958,"Marathon Match Web Interface QA For 201409 Release",Completed,500,3,2014-09-21,2014-09-23,2014-09-21,8
30045958,"Marathon Match Web Interface QA For 201409 Release",Completed,500,3,2014-09-21,2014-09-23,2014-09-22,2
30045958,"Marathon Match Web Interface QA For 201409 Release",Completed,500,3,2014-09-21,2014-09-23,2014-09-23,1
30045962,"Web Arena UI - Contest Configurations UI Prototype",Completed,1800,3,2014-09-22,2014-09-24,2014-09-22,8
30045962,"Web Arena UI - Contest Configurations UI Prototype",Completed,1800,3,2014-09-22,2014-09-24,2014-09-23,5
30045962,"Web Arena UI - Contest Configurations UI Prototype",Completed,1800,3,2014-09-22,2014-09-24,2014-09-24,1
30045970,"Web Arena UI - Practice Problem Listing Page Prototype",Completed,1500,3,2014-09-23,2014-09-25,2014-09-23,4
30045970,"Web Arena UI - Practice Problem Listing Page Prototype",Completed,1500,3,2014-09-23,2014-09-25,2014-09-24,4
30045970,"Web Arena UI - Practice Problem Listing Page Prototype",Completed,1500,3,2014-09-23,2014-09-25,2014-09-25,2
30046110,"Module Assembly - Web Arena - Contest Creation Wizard Bug Fix",Completed,1500,3,2014-09-29,2014-10-01,2014-09-29,10
30046110,"Module Assembly - Web Arena - Contest Creation Wizard Bug Fix",Completed,1500,3,2014-09-29,2014-10-01,2014-09-30,5
30046173,"Module Assembly - Web Arena Bug Fix 14.10 - 1","Cancelled - Zero Sub",1800,3,2014-10-01,2014-10-03,2014-10-01,1
30046173,"Module Assembly - Web Arena Bug Fix 14.10 - 1","Cancelled - Zero Sub",1800,3,2014-10-01,2014-10-03,2014-10-02,5
30046173,"Module Assembly - Web Arena Bug Fix 14.10 - 1","Cancelled - Zero Sub",1800,3,2014-10-01,2014-10-03,2014-10-03,2
30046175,"Web Arena - Division Leaderboard Pagination",Completed,500,31,2014-10-01,2014-10-31,2014-10-01,2
30046175,"Web Arena - Division Leaderboard Pagination",Completed,500,31,2014-10-01,2014-10-31,2014-10-02,7
30046175,"Web Arena - Division Leaderboard Pagination",Completed,500,31,2014-10-01,2014-10-31,2014-10-03,2
30046188,"Module Assembly - Web Arena UI - Match Summary Widget",Completed,1200,3,2014-10-02,2014-10-04,2014-10-02,4
30046188,"Module Assembly - Web Arena UI - Match Summary Widget",Completed,1200,3,2014-10-02,2014-10-04,2014-10-03,2
30046188,"Module Assembly - Web Arena UI - Match Summary Widget",Completed,1200,3,2014-10-02,2014-10-04,2014-10-04,1
30046194,"Web Arena - Match Clock Visibility",Completed,500,31,2014-10-02,2014-11-01,2014-10-02,4
30046194,"Web Arena - Match Clock Visibility",Completed,500,31,2014-10-02,2014-11-01,2014-10-03,5
30046196,"Topcoder Arena Copilot",Completed,225,3,2014-10-02,2014-10-04,2014-10-02,2
30046196,"Topcoder Arena Copilot",Completed,225,3,2014-10-02,2014-10-04,2014-10-03,3
30046220,"Web Arena - Standarize Names in Web Arena",Completed,50,31,2014-10-05,2014-11-04,2014-10-05,1
30046221,"Web Arena - Update Sprite New Header",Completed,30,31,2014-10-05,2014-11-04,2014-10-05,2
30046221,"Web Arena - Update Sprite New Header",Completed,30,31,2014-10-05,2014-11-04,2014-10-11,1
30046284,"Module Assembly - Web Arena Bug Fix 14.10 - 1",Completed,1800,3,2014-10-07,2014-10-09,2014-10-07,4
30046284,"Module Assembly - Web Arena Bug Fix 14.10 - 1",Completed,1800,3,2014-10-07,2014-10-09,2014-10-08,6
30046284,"Module Assembly - Web Arena Bug Fix 14.10 - 1",Completed,1800,3,2014-10-07,2014-10-09,2014-10-09,1
30046357,"Web Arena UI - Calendar Update for Match Plan","Cancelled - Zero Sub",1500,3,2014-10-09,2014-10-11,2014-10-09,1
30046357,"Web Arena UI - Calendar Update for Match Plan","Cancelled - Zero Sub",1500,3,2014-10-09,2014-10-11,2014-10-10,5
30046359,"Web Arena UI - Events Page","Cancelled - Failed R",1650,3,2014-10-11,2014-10-13,2014-10-11,1
30046359,"Web Arena UI - Events Page","Cancelled - Failed R",1650,3,2014-10-11,2014-10-13,2014-10-12,3
30046359,"Web Arena UI - Events Page","Cancelled - Failed R",1650,3,2014-10-11,2014-10-13,2014-10-13,4
30046361,"Build Arena Ideas Page",Completed,300,31,2014-10-09,2014-11-08,2014-10-09,9
30046361,"Build Arena Ideas Page",Completed,300,31,2014-10-09,2014-11-08,2014-10-10,1
30046361,"Build Arena Ideas Page",Completed,300,31,2014-10-09,2014-11-08,2014-10-12,1
30046385,"[Bug Bounty] -  TC Web Arena PAY PER BUG FIX Challenge 1",Completed,1,8,2014-10-10,2014-10-17,2014-10-11,6
30046385,"[Bug Bounty] -  TC Web Arena PAY PER BUG FIX Challenge 1",Completed,1,8,2014-10-10,2014-10-17,2014-10-12,3
30046385,"[Bug Bounty] -  TC Web Arena PAY PER BUG FIX Challenge 1",Completed,1,8,2014-10-10,2014-10-17,2014-10-14,3
30046390,"Module Assembly - Web Arena - Match Configurations",Completed,2100,3,2014-10-12,2014-10-14,2014-10-12,1
30046390,"Module Assembly - Web Arena - Match Configurations",Completed,2100,3,2014-10-12,2014-10-14,2014-10-13,7
30046390,"Module Assembly - Web Arena - Match Configurations",Completed,2100,3,2014-10-12,2014-10-14,2014-10-14,4
30046391,"Quick 72hrs!!! Module Assembly - Web Arena - Code With Practice Problem",Completed,1200,3,2014-10-10,2014-10-12,2014-10-10,5
30046391,"Quick 72hrs!!! Module Assembly - Web Arena - Code With Practice Problem",Completed,1200,3,2014-10-10,2014-10-12,2014-10-11,1
30046391,"Quick 72hrs!!! Module Assembly - Web Arena - Code With Practice Problem",Completed,1200,3,2014-10-10,2014-10-12,2014-10-12,4
30046484,"Web Arena - Sprite Image Change",Completed,100,31,2014-10-14,2014-11-13,2014-10-14,8
30046484,"Web Arena - Sprite Image Change",Completed,100,31,2014-10-14,2014-11-13,2014-10-15,6
30046555,"TC API - Pratice Problems API - Query Improvement",Completed,150,31,2014-10-18,2014-11-17,2014-10-18,3
30046555,"TC API - Pratice Problems API - Query Improvement",Completed,150,31,2014-10-18,2014-11-17,2014-10-19,1
30046555,"TC API - Pratice Problems API - Query Improvement",Completed,150,31,2014-10-18,2014-11-17,2014-10-20,3
30046555,"TC API - Pratice Problems API - Query Improvement",Completed,150,31,2014-10-18,2014-11-17,2014-10-21,1
30046556,"Web Arena QA for 201410 Release",Completed,500,3,2014-10-20,2014-10-22,2014-10-20,3
30046556,"Web Arena QA for 201410 Release",Completed,500,3,2014-10-20,2014-10-22,2014-10-21,2
30046556,"Web Arena QA for 201410 Release",Completed,500,3,2014-10-20,2014-10-22,2014-10-22,3
30046558,"Arena Applet QA for 201410 Release",Completed,500,3,2014-10-20,2014-10-22,2014-10-20,3
30046558,"Arena Applet QA for 201410 Release",Completed,500,3,2014-10-20,2014-10-22,2014-10-22,1
30046559,"Marathon Match Web Interface QA For 201410 Release",Completed,500,3,2014-10-20,2014-10-22,2014-10-20,6
30046559,"Marathon Match Web Interface QA For 201410 Release",Completed,500,3,2014-10-20,2014-10-22,2014-10-22,1
30046577,"[Bug Bounty] - TC Web Arena PAY PER BUG FIX Challenge 2",Completed,1,25,2014-10-21,2014-11-14,2014-10-21,4
30046577,"[Bug Bounty] - TC Web Arena PAY PER BUG FIX Challenge 2",Completed,1,25,2014-10-21,2014-11-14,2014-10-22,2
30046577,"[Bug Bounty] - TC Web Arena PAY PER BUG FIX Challenge 2",Completed,1,25,2014-10-21,2014-11-14,2014-10-24,1
30046577,"[Bug Bounty] - TC Web Arena PAY PER BUG FIX Challenge 2",Completed,1,25,2014-10-21,2014-11-14,2014-10-25,1
30046577,"[Bug Bounty] - TC Web Arena PAY PER BUG FIX Challenge 2",Completed,1,25,2014-10-21,2014-11-14,2014-10-26,1
30046577,"[Bug Bounty] - TC Web Arena PAY PER BUG FIX Challenge 2",Completed,1,25,2014-10-21,2014-11-14,2014-10-27,1
30046577,"[Bug Bounty] - TC Web Arena PAY PER BUG FIX Challenge 2",Completed,1,25,2014-10-21,2014-11-14,2014-10-30,1
30046577,"[Bug Bounty] - TC Web Arena PAY PER BUG FIX Challenge 2",Completed,1,25,2014-10-21,2014-11-14,2014-11-01,1
30046577,"[Bug Bounty] - TC Web Arena PAY PER BUG FIX Challenge 2",Completed,1,25,2014-10-21,2014-11-14,2014-11-02,1
30046577,"[Bug Bounty] - TC Web Arena PAY PER BUG FIX Challenge 2",Completed,1,25,2014-10-21,2014-11-14,2014-11-07,1
30046577,"[Bug Bounty] - TC Web Arena PAY PER BUG FIX Challenge 2",Completed,1,25,2014-10-21,2014-11-14,2014-11-08,1
30046577,"[Bug Bounty] - TC Web Arena PAY PER BUG FIX Challenge 2",Completed,1,25,2014-10-21,2014-11-14,2014-11-13,1
30046615,"Fast 72hrs!! Web Arena UI - Member Feedback Widget",Completed,900,3,2014-10-21,2014-10-23,2014-10-22,6
30046615,"Fast 72hrs!! Web Arena UI - Member Feedback Widget",Completed,900,3,2014-10-21,2014-10-23,2014-10-23,1
30046644,"PoC Assembly - Web Arena - Match Schedule Page",Completed,1500,3,2014-10-22,2014-10-24,2014-10-22,7
30046644,"PoC Assembly - Web Arena - Match Schedule Page",Completed,1500,3,2014-10-22,2014-10-24,2014-10-23,4
30046645,"Fast 72hrs!!!! Module Assembly - Web Arena - Match Schedule Widget Update",Completed,900,3,2014-10-22,2014-10-24,2014-10-22,7
30046645,"Fast 72hrs!!!! Module Assembly - Web Arena - Match Schedule Widget Update",Completed,900,3,2014-10-22,2014-10-24,2014-10-23,3
30046656,"TC API - Get Round Term API",Completed,80,31,2014-10-22,2014-11-21,2014-10-22,2
30046656,"TC API - Get Round Term API",Completed,80,31,2014-10-22,2014-11-21,2014-10-23,1
30046752,"!FAST 72hrs !! Module Assembly - Web Arena Bug Fix 14.10 - 2",Completed,900,3,2014-10-25,2014-10-27,2014-10-25,6
30046752,"!FAST 72hrs !! Module Assembly - Web Arena Bug Fix 14.10 - 2",Completed,900,3,2014-10-25,2014-10-27,2014-10-26,2
30046752,"!FAST 72hrs !! Module Assembly - Web Arena Bug Fix 14.10 - 2",Completed,900,3,2014-10-25,2014-10-27,2014-10-27,2
30046781,"Web Arena - Update Social Feature UI",Completed,100,31,2014-10-28,2014-11-27,2014-10-28,6
30046781,"Web Arena - Update Social Feature UI",Completed,100,31,2014-10-28,2014-11-27,2014-10-29,2
30046783,"TC API - Delete Question API",Completed,100,30,2014-10-28,2014-11-26,2014-10-28,6
30046783,"TC API - Delete Question API",Completed,100,30,2014-10-28,2014-11-26,2014-10-29,2
30046784,"TC API - Modify Answer API","Cancelled - Zero Sub",100,30,2014-10-28,2014-11-26,2014-10-28,5
30046784,"TC API - Modify Answer API","Cancelled - Zero Sub",100,30,2014-10-28,2014-11-26,2014-10-29,2
30046784,"TC API - Modify Answer API","Cancelled - Zero Sub",100,30,2014-10-28,2014-11-26,2014-10-31,1
30046785,"TC API - Delete Answer API","Cancelled - Failed R",100,30,2014-10-28,2014-11-26,2014-10-28,5
30046785,"TC API - Delete Answer API","Cancelled - Failed R",100,30,2014-10-28,2014-11-26,2014-10-29,2
30046822,"Fast 72hrs!!!! Web Arena UI - Challenges Advertising Widget",Completed,750,3,2014-10-30,2014-11-01,2014-10-30,4
30046822,"Fast 72hrs!!!! Web Arena UI - Challenges Advertising Widget",Completed,750,3,2014-10-30,2014-11-01,2014-10-31,3
30046822,"Fast 72hrs!!!! Web Arena UI - Challenges Advertising Widget",Completed,750,3,2014-10-30,2014-11-01,2014-11-01,2
30046888,"Web Arena - Practice Problem Loading Issue",Completed,200,31,2014-10-31,2014-11-30,2014-10-31,5
30046893,"Web Arena UI - Match level multi-tasking support",Completed,1500,3,2014-10-31,2014-11-02,2014-11-01,5
30046893,"Web Arena UI - Match level multi-tasking support",Completed,1500,3,2014-10-31,2014-11-02,2014-11-02,1
30046916,"Web Arena Plugin API Part 1",Completed,2100,3,2014-11-04,2014-11-06,2014-11-04,6
30046916,"Web Arena Plugin API Part 1",Completed,2100,3,2014-11-04,2014-11-06,2014-11-05,3
30046916,"Web Arena Plugin API Part 1",Completed,2100,3,2014-11-04,2014-11-06,2014-11-06,1
30046918,"Quick 48Hrs!! Module Assembly - TC API - Modify Answer API And Delete Answer API",Completed,600,3,2014-11-02,2014-11-04,2014-11-02,7
30046918,"Quick 48Hrs!! Module Assembly - TC API - Modify Answer API And Delete Answer API",Completed,600,3,2014-11-02,2014-11-04,2014-11-03,2
30046918,"Quick 48Hrs!! Module Assembly - TC API - Modify Answer API And Delete Answer API",Completed,600,3,2014-11-02,2014-11-04,2014-11-04,1
30046944,"Quick 48Hrs!! Web Arena Member Feedback Widget Assembly",Completed,600,3,2014-11-04,2014-11-06,2014-11-04,5
30046944,"Quick 48Hrs!! Web Arena Member Feedback Widget Assembly",Completed,600,3,2014-11-04,2014-11-06,2014-11-05,3
30046944,"Quick 48Hrs!! Web Arena Member Feedback Widget Assembly",Completed,600,3,2014-11-04,2014-11-06,2014-11-06,1
30046984,"Fast 72hr!!! PoC Assembly - Web Arena - Chat Widget Improvement",Completed,750,3,2014-11-06,2014-11-08,2014-11-06,5
30046984,"Fast 72hr!!! PoC Assembly - Web Arena - Chat Widget Improvement",Completed,750,3,2014-11-06,2014-11-08,2014-11-07,4
30046984,"Fast 72hr!!! PoC Assembly - Web Arena - Chat Widget Improvement",Completed,750,3,2014-11-06,2014-11-08,2014-11-08,1
30046986,"Fast 96hrs!! Web Arena UI - Balloon Guides",Completed,900,3,2014-11-06,2014-11-08,2014-11-06,3
30046986,"Fast 96hrs!! Web Arena UI - Balloon Guides",Completed,900,3,2014-11-06,2014-11-08,2014-11-07,3
30046986,"Fast 96hrs!! Web Arena UI - Balloon Guides",Completed,900,3,2014-11-06,2014-11-08,2014-11-08,1
30047010,"Fast 96hrs!! Module Assembly - Web Arena - Quick Fixes for Contest Management",Completed,1500,3,2014-11-07,2014-11-09,2014-11-07,7
30047010,"Fast 96hrs!! Module Assembly - Web Arena - Quick Fixes for Contest Management",Completed,1500,3,2014-11-07,2014-11-09,2014-11-08,3
30047013,"Web Arena - Match Plan Widget and Match Schedule Page Update",Completed,800,6,2014-11-08,2014-11-13,2014-11-08,2
30047013,"Web Arena - Match Plan Widget and Match Schedule Page Update",Completed,800,6,2014-11-08,2014-11-13,2014-11-10,2
30047013,"Web Arena - Match Plan Widget and Match Schedule Page Update",Completed,800,6,2014-11-08,2014-11-13,2014-11-11,1
30047013,"Web Arena - Match Plan Widget and Match Schedule Page Update",Completed,800,6,2014-11-08,2014-11-13,2014-11-12,1
30047075,"PoC Assembly - TC API - Generate Source Code Image API",Completed,1500,3,2014-11-10,2014-11-12,2014-11-10,9
30047075,"PoC Assembly - TC API - Generate Source Code Image API",Completed,1500,3,2014-11-10,2014-11-12,2014-11-11,8
30047075,"PoC Assembly - TC API - Generate Source Code Image API",Completed,1500,3,2014-11-10,2014-11-12,2014-11-12,1
30047134,"Quick 72hrs!!! Module Assembly - Web Arena - Challenges Advertising Widget",Completed,750,3,2014-11-11,2014-11-13,2014-11-11,6
30047134,"Quick 72hrs!!! Module Assembly - Web Arena - Challenges Advertising Widget",Completed,750,3,2014-11-11,2014-11-13,2014-11-12,3
30047134,"Quick 72hrs!!! Module Assembly - Web Arena - Challenges Advertising Widget",Completed,750,3,2014-11-11,2014-11-13,2014-11-13,2
30047136,"Web Arena - Remove Type Column for Practice Problem Listing Page",Completed,100,31,2014-11-10,2014-12-10,2014-11-10,3
30047136,"Web Arena - Remove Type Column for Practice Problem Listing Page",Completed,100,31,2014-11-10,2014-12-10,2014-11-11,2
30047140,"Fast 72hrs!! Module Assembly - Web Arena -Match Management Update",Completed,750,3,2014-11-11,2014-11-13,2014-11-11,4
30047140,"Fast 72hrs!! Module Assembly - Web Arena -Match Management Update",Completed,750,3,2014-11-11,2014-11-13,2014-11-12,4
30047140,"Fast 72hrs!! Module Assembly - Web Arena -Match Management Update",Completed,750,3,2014-11-11,2014-11-13,2014-11-13,2
30047174,"Web Arena - Update Nav Icons",Completed,50,31,2014-11-11,2014-12-11,2014-11-11,3
30047174,"Web Arena - Update Nav Icons",Completed,50,31,2014-11-11,2014-12-11,2014-11-12,2
30047198,"Web Arena QA for 201411 Release",Completed,500,3,2014-11-25,2014-11-27,2014-11-25,10
30047199,"Arena Applet QA for 201411 Release","Cancelled - Requirem",500,3,2014-11-19,2014-11-21,2014-11-19,8
30047199,"Arena Applet QA for 201411 Release","Cancelled - Requirem",500,3,2014-11-19,2014-11-21,2014-11-20,1
30047200,"Marathon Match Web Interface QA For 201410 Release","Cancelled - Requirem",500,3,2014-11-19,2014-11-21,2014-11-19,5
30047200,"Marathon Match Web Interface QA For 201410 Release","Cancelled - Requirem",500,3,2014-11-19,2014-11-21,2014-11-20,2
30047205,"Web Arena UI - Update Practice Problem Coding Page to show Match Editorial Link",Completed,60,31,2015-01-05,2015-02-04,2015-01-05,6
30047205,"Web Arena UI - Update Practice Problem Coding Page to show Match Editorial Link",Completed,60,31,2015-01-05,2015-02-04,2015-01-06,1
30047206,"Quick 72hrs!! TopCoder Competition Engine - Add Match Super User Role",Completed,450,3,2015-01-12,2015-01-14,2015-01-12,7
30047206,"Quick 72hrs!! TopCoder Competition Engine - Add Match Super User Role",Completed,450,3,2015-01-12,2015-01-14,2015-01-13,6
30047206,"Quick 72hrs!! TopCoder Competition Engine - Add Match Super User Role",Completed,450,3,2015-01-12,2015-01-14,2015-01-14,4
30047210,"Quick 72hrs!!! Module Assembly - TopCoder Competition Engine - Add A Configuration to Flag SRM to end automatically",Completed,600,5,2014-11-27,2014-12-01,2014-11-27,5
30047210,"Quick 72hrs!!! Module Assembly - TopCoder Competition Engine - Add A Configuration to Flag SRM to end automatically",Completed,600,5,2014-11-27,2014-12-01,2014-11-28,5
30047210,"Quick 72hrs!!! Module Assembly - TopCoder Competition Engine - Add A Configuration to Flag SRM to end automatically",Completed,600,5,2014-11-27,2014-12-01,2014-11-29,4
30047210,"Quick 72hrs!!! Module Assembly - TopCoder Competition Engine - Add A Configuration to Flag SRM to end automatically",Completed,600,5,2014-11-27,2014-12-01,2014-11-30,2
30047211,"Module Assembly - TopCoder Competiton Engine - Automatically End Matches",Completed,1500,3,2014-12-08,2014-12-10,2014-12-08,4
30047211,"Module Assembly - TopCoder Competiton Engine - Automatically End Matches",Completed,1500,3,2014-12-08,2014-12-10,2014-12-09,4
30047211,"Module Assembly - TopCoder Competiton Engine - Automatically End Matches",Completed,1500,3,2014-12-08,2014-12-10,2014-12-10,1
30047212,"TC API - Create SRM Contest Round API Update",Completed,50,31,2014-12-24,2015-01-23,2014-12-25,3
30047212,"TC API - Create SRM Contest Round API Update",Completed,50,31,2014-12-24,2015-01-23,2014-12-26,3
30047306,"Arena Applet Regression Testing and Recording for 201411 Release","Cancelled - Requirem",750,3,2014-11-19,2014-11-21,2014-11-19,8
30047307,"Marathon Match Web Interface Regression Testing and Recording for 201411 Release","Cancelled - Requirem",150,3,2014-11-19,2014-11-21,2014-11-19,4
30047307,"Marathon Match Web Interface Regression Testing and Recording for 201411 Release","Cancelled - Requirem",150,3,2014-11-19,2014-11-21,2014-11-20,1
30047308,"Web Arena Regression Testing and Recording for 201411 Release",Completed,500,3,2014-11-25,2014-11-27,2014-11-25,10
30047308,"Web Arena Regression Testing and Recording for 201411 Release",Completed,500,3,2014-11-25,2014-11-27,2014-11-26,1
30047309,"Web Arena Functional Testing and Recording for 201411 Release",Completed,200,3,2014-11-25,2014-11-27,2014-11-25,9
30047362,"Web Arena Plugin API Part 2 Assembly",Completed,1800,3,2014-11-23,2014-11-25,2014-11-23,3
30047362,"Web Arena Plugin API Part 2 Assembly",Completed,1800,3,2014-11-23,2014-11-25,2014-11-24,6
30047362,"Web Arena Plugin API Part 2 Assembly",Completed,1800,3,2014-11-23,2014-11-25,2014-11-25,1
30047365,"Web Arena Deep Link Assembly",Completed,1500,3,2014-11-26,2014-11-28,2014-11-26,11
30047365,"Web Arena Deep Link Assembly",Completed,1500,3,2014-11-26,2014-11-28,2014-11-27,2
30047401,"Web Arena New Relic Monitoring",Completed,200,31,2014-11-24,2014-12-24,2014-11-24,3
30047401,"Web Arena New Relic Monitoring",Completed,200,31,2014-11-24,2014-12-24,2014-11-25,5
30047401,"Web Arena New Relic Monitoring",Completed,200,31,2014-11-24,2014-12-24,2014-11-26,2
30047401,"Web Arena New Relic Monitoring",Completed,200,31,2014-11-24,2014-12-24,2014-11-27,1
30047401,"Web Arena New Relic Monitoring",Completed,200,31,2014-11-24,2014-12-24,2014-11-28,1
30047401,"Web Arena New Relic Monitoring",Completed,200,31,2014-11-24,2014-12-24,2014-11-30,3
30047401,"Web Arena New Relic Monitoring",Completed,200,31,2014-11-24,2014-12-24,2014-12-02,2
30047406,"Arena Applet QA for 201411 Release",Completed,500,3,2014-11-25,2014-11-27,2014-11-25,9
30047407,"Arena Applet Regression Testing and Recording for 201411 Release",Completed,500,3,2014-11-25,2014-11-27,2014-11-25,9
30047622,"TC API - Rounds For Problem API",Completed,750,3,2014-12-07,2014-12-09,2014-12-07,11
30047622,"TC API - Rounds For Problem API",Completed,750,3,2014-12-07,2014-12-09,2014-12-08,6
30047629,"Fast 96hrs!! Module Assembly - Web Arena - Add Save Feature to Code Editor","Cancelled - Zero Sub",1200,3,2014-12-05,2014-12-07,2014-12-05,3
30047629,"Fast 96hrs!! Module Assembly - Web Arena - Add Save Feature to Code Editor","Cancelled - Zero Sub",1200,3,2014-12-05,2014-12-07,2014-12-06,3
30047629,"Fast 96hrs!! Module Assembly - Web Arena - Add Save Feature to Code Editor","Cancelled - Zero Sub",1200,3,2014-12-05,2014-12-07,2014-12-07,2
30047630,"Web Arena Fix - Problem Statement area sometimes gets empty when the area is expand or collapsed","Cancelled - Requirem",200,31,2014-12-05,2015-01-04,2014-12-05,3
30047630,"Web Arena Fix - Problem Statement area sometimes gets empty when the area is expand or collapsed","Cancelled - Requirem",200,31,2014-12-05,2015-01-04,2014-12-07,4
30047630,"Web Arena Fix - Problem Statement area sometimes gets empty when the area is expand or collapsed","Cancelled - Requirem",200,31,2014-12-05,2015-01-04,2014-12-13,1
30047630,"Web Arena Fix - Problem Statement area sometimes gets empty when the area is expand or collapsed","Cancelled - Requirem",200,31,2014-12-05,2015-01-04,2014-12-19,1
30047630,"Web Arena Fix - Problem Statement area sometimes gets empty when the area is expand or collapsed","Cancelled - Requirem",200,31,2014-12-05,2015-01-04,2014-12-24,1
30047630,"Web Arena Fix - Problem Statement area sometimes gets empty when the area is expand or collapsed","Cancelled - Requirem",200,31,2014-12-05,2015-01-04,2014-12-29,1
30047632,"TopCoder Competition Engine - Add Editorial Link For Matches",Completed,150,31,2015-01-05,2015-02-04,2015-01-05,8
30047632,"TopCoder Competition Engine - Add Editorial Link For Matches",Completed,150,31,2015-01-05,2015-02-04,2015-01-06,1
30047633,"Web Arena UI  - Add Settings Panel for Chat Widget",Completed,200,31,2014-12-05,2015-01-04,2014-12-05,6
30047633,"Web Arena UI  - Add Settings Panel for Chat Widget",Completed,200,31,2014-12-05,2015-01-04,2014-12-07,2
30047633,"Web Arena UI  - Add Settings Panel for Chat Widget",Completed,200,31,2014-12-05,2015-01-04,2014-12-08,2
30047633,"Web Arena UI  - Add Settings Panel for Chat Widget",Completed,200,31,2014-12-05,2015-01-04,2014-12-10,1
30047851,"Web Arena - Bug Fix I-131627",Completed,75,31,2014-12-08,2015-01-07,2014-12-09,3
30047851,"Web Arena - Bug Fix I-131627",Completed,75,31,2014-12-08,2015-01-07,2014-12-13,3
30047852,"Web Arena - Bug Fix I-135674","Cancelled - Client R",75,31,2014-12-08,2015-01-07,2014-12-09,2
30047852,"Web Arena - Bug Fix I-135674","Cancelled - Client R",75,31,2014-12-08,2015-01-07,2014-12-13,1
30047852,"Web Arena - Bug Fix I-135674","Cancelled - Client R",75,31,2014-12-08,2015-01-07,2014-12-19,1
30047852,"Web Arena - Bug Fix I-135674","Cancelled - Client R",75,31,2014-12-08,2015-01-07,2014-12-23,1
30047853,"Web Arena - Bug Fix I-141699","Cancelled - Client R",50,31,2014-12-08,2015-01-07,2014-12-09,4
30047853,"Web Arena - Bug Fix I-141699","Cancelled - Client R",50,31,2014-12-08,2015-01-07,2014-12-11,1
30047884,"Web Arena Fix - Fix Time Format in Match Schedule Calendar",Completed,100,31,2014-12-10,2015-01-09,2014-12-10,4
30047885,"Web Arena Fix - Enter Proper Room From Room Assignment Pop up",Completed,100,31,2014-12-10,2015-01-09,2014-12-10,4
30047885,"Web Arena Fix - Enter Proper Room From Room Assignment Pop up",Completed,100,31,2014-12-10,2015-01-09,2014-12-13,2
30047904,"Web Arena - Bug Fix I-140110",Completed,75,31,2014-12-10,2015-01-09,2014-12-10,1
30047904,"Web Arena - Bug Fix I-140110",Completed,75,31,2014-12-10,2015-01-09,2014-12-11,1
30047904,"Web Arena - Bug Fix I-140110",Completed,75,31,2014-12-10,2015-01-09,2014-12-13,1
30047906,"FAST 72Hrs!!! Web Arena - Performance analysis and code review",Completed,1500,5,2014-12-11,2014-12-15,2014-12-11,3
30047906,"FAST 72Hrs!!! Web Arena - Performance analysis and code review",Completed,1500,5,2014-12-11,2014-12-15,2014-12-12,5
30047906,"FAST 72Hrs!!! Web Arena - Performance analysis and code review",Completed,1500,5,2014-12-11,2014-12-15,2014-12-15,2
30047907,"FAST 72hrs!!! Web Arena - Performance issue replication in dev environment",Completed,1200,5,2014-12-11,2014-12-15,2014-12-11,2
30047907,"FAST 72hrs!!! Web Arena - Performance issue replication in dev environment",Completed,1200,5,2014-12-11,2014-12-15,2014-12-12,2
30047907,"FAST 72hrs!!! Web Arena - Performance issue replication in dev environment",Completed,1200,5,2014-12-11,2014-12-15,2014-12-15,1
30047908,"Module Assembly - Web Arena - Add Save Feature to Code Editor",Completed,1800,4,2014-12-11,2014-12-14,2014-12-11,7
30047908,"Module Assembly - Web Arena - Add Save Feature to Code Editor",Completed,1800,4,2014-12-11,2014-12-14,2014-12-12,3
30047908,"Module Assembly - Web Arena - Add Save Feature to Code Editor",Completed,1800,4,2014-12-11,2014-12-14,2014-12-14,1
30047909,"Web Arena Fix - Fix Scroll Problem for Rating Key and registrants panels in Chat Widget",Completed,100,31,2014-12-11,2015-01-10,2014-12-11,3
30047913,"TopCoder Competition Engine Fix - Fix Registration Problem if SRM has Long Personal Question without Answer configured",Completed,100,31,2014-12-11,2015-01-10,2014-12-11,2
30047913,"TopCoder Competition Engine Fix - Fix Registration Problem if SRM has Long Personal Question without Answer configured",Completed,100,31,2014-12-11,2015-01-10,2014-12-19,1
30047913,"TopCoder Competition Engine Fix - Fix Registration Problem if SRM has Long Personal Question without Answer configured",Completed,100,31,2014-12-11,2015-01-10,2014-12-23,1
30047913,"TopCoder Competition Engine Fix - Fix Registration Problem if SRM has Long Personal Question without Answer configured",Completed,100,31,2014-12-11,2015-01-10,2014-12-24,1
30047914,"Arena Applet QA for 201412 Release",Completed,300,3,2014-12-13,2014-12-15,2014-12-13,5
30047914,"Arena Applet QA for 201412 Release",Completed,300,3,2014-12-13,2014-12-15,2014-12-14,2
30047914,"Arena Applet QA for 201412 Release",Completed,300,3,2014-12-13,2014-12-15,2014-12-15,2
30047915,"Marathon Match Web Interface QA For 201412 Release",Completed,250,3,2014-12-13,2014-12-15,2014-12-13,4
30047915,"Marathon Match Web Interface QA For 201412 Release",Completed,250,3,2014-12-13,2014-12-15,2014-12-14,1
30047915,"Marathon Match Web Interface QA For 201412 Release",Completed,250,3,2014-12-13,2014-12-15,2014-12-15,2
30047916,"Marathon Match Web Interface Regression Testing and Recording for 201412 Release",Completed,100,3,2014-12-13,2014-12-15,2014-12-13,4
30047916,"Marathon Match Web Interface Regression Testing and Recording for 201412 Release",Completed,100,3,2014-12-13,2014-12-15,2014-12-14,3
30047916,"Marathon Match Web Interface Regression Testing and Recording for 201412 Release",Completed,100,3,2014-12-13,2014-12-15,2014-12-15,3
30047917,"Web Arena QA for 201412 Release",Completed,300,3,2014-12-13,2014-12-15,2014-12-13,3
30047917,"Web Arena QA for 201412 Release",Completed,300,3,2014-12-13,2014-12-15,2014-12-14,4
30047917,"Web Arena QA for 201412 Release",Completed,300,3,2014-12-13,2014-12-15,2014-12-15,1
30047964,"Web Arena - Bug Fix I-142561",Completed,75,31,2014-12-12,2015-01-11,2014-12-12,1
30047964,"Web Arena - Bug Fix I-142561",Completed,75,31,2014-12-12,2015-01-11,2014-12-13,4
30047964,"Web Arena - Bug Fix I-142561",Completed,75,31,2014-12-12,2015-01-11,2014-12-14,2
30047965,"Web Arena - Bug Fix I-142562",Completed,75,31,2014-12-12,2015-01-11,2014-12-12,2
30047965,"Web Arena - Bug Fix I-142562",Completed,75,31,2014-12-12,2015-01-11,2014-12-13,2
30047965,"Web Arena - Bug Fix I-142562",Completed,75,31,2014-12-12,2015-01-11,2014-12-14,1
30047973,"Arena Applet Regression Testing and Recording for 201412 Release",Completed,200,3,2014-12-13,2014-12-15,2014-12-13,4
30047973,"Arena Applet Regression Testing and Recording for 201412 Release",Completed,200,3,2014-12-13,2014-12-15,2014-12-14,3
30047973,"Arena Applet Regression Testing and Recording for 201412 Release",Completed,200,3,2014-12-13,2014-12-15,2014-12-15,3
30047974,"Web Arena Functional Testing and Recording for 201412 Release",Completed,100,3,2014-12-13,2014-12-15,2014-12-13,5
30047974,"Web Arena Functional Testing and Recording for 201412 Release",Completed,100,3,2014-12-13,2014-12-15,2014-12-14,4
30047974,"Web Arena Functional Testing and Recording for 201412 Release",Completed,100,3,2014-12-13,2014-12-15,2014-12-15,3
30047975,"Web Arena Regression Testing and Recording for 201412 Release",Completed,300,3,2014-12-13,2014-12-15,2014-12-13,4
30047975,"Web Arena Regression Testing and Recording for 201412 Release",Completed,300,3,2014-12-13,2014-12-15,2014-12-14,2
30047975,"Web Arena Regression Testing and Recording for 201412 Release",Completed,300,3,2014-12-13,2014-12-15,2014-12-15,2
30047994,"Quick 72hrs!! Module Assembly - Web Arena - Setting Panel for Chat Widget","Cancelled - Zero Sub",750,3,2014-12-14,2014-12-16,2014-12-14,3
30047994,"Quick 72hrs!! Module Assembly - Web Arena - Setting Panel for Chat Widget","Cancelled - Zero Sub",750,3,2014-12-14,2014-12-16,2014-12-15,7
30047994,"Quick 72hrs!! Module Assembly - Web Arena - Setting Panel for Chat Widget","Cancelled - Zero Sub",750,3,2014-12-14,2014-12-16,2014-12-16,1
30048007,"Web Arena - Missing Add Test Case Button for Practice and SRM Problems",Completed,50,31,2014-12-13,2015-01-12,2014-12-14,4
30048007,"Web Arena - Missing Add Test Case Button for Practice and SRM Problems",Completed,50,31,2014-12-13,2015-01-12,2014-12-15,1
30048007,"Web Arena - Missing Add Test Case Button for Practice and SRM Problems",Completed,50,31,2014-12-13,2015-01-12,2014-12-18,1
30048007,"Web Arena - Missing Add Test Case Button for Practice and SRM Problems",Completed,50,31,2014-12-13,2015-01-12,2014-12-19,1
30048008,"TopCoder Competition Engine - Figure out way to add Admin Role",Completed,80,31,2014-12-13,2015-01-12,2014-12-13,1
30048008,"TopCoder Competition Engine - Figure out way to add Admin Role",Completed,80,31,2014-12-13,2015-01-12,2014-12-14,3
30048009,"Web Arena - Scrolling Animation Delay Fix","Cancelled - Requirem",100,31,2014-12-13,2015-01-12,2014-12-14,4
30048009,"Web Arena - Scrolling Animation Delay Fix","Cancelled - Requirem",100,31,2014-12-13,2015-01-12,2014-12-15,2
30048009,"Web Arena - Scrolling Animation Delay Fix","Cancelled - Requirem",100,31,2014-12-13,2015-01-12,2014-12-18,1
30048009,"Web Arena - Scrolling Animation Delay Fix","Cancelled - Requirem",100,31,2014-12-13,2015-01-12,2014-12-22,1
30048009,"Web Arena - Scrolling Animation Delay Fix","Cancelled - Requirem",100,31,2014-12-13,2015-01-12,2014-12-26,1
30048009,"Web Arena - Scrolling Animation Delay Fix","Cancelled - Requirem",100,31,2014-12-13,2015-01-12,2014-12-28,3
30048009,"Web Arena - Scrolling Animation Delay Fix","Cancelled - Requirem",100,31,2014-12-13,2015-01-12,2014-12-29,1
30048031,"FAST 72hrs!!! Web Arena SRM Problem Deep Link Assembly",Completed,750,3,2014-12-16,2014-12-18,2014-12-16,4
30048031,"FAST 72hrs!!! Web Arena SRM Problem Deep Link Assembly",Completed,750,3,2014-12-16,2014-12-18,2014-12-17,1
30048031,"FAST 72hrs!!! Web Arena SRM Problem Deep Link Assembly",Completed,750,3,2014-12-16,2014-12-18,2014-12-18,2
30048032,"FAST 72hrs!!! Web Arena Max Live Leaderboard Assembly",Completed,600,3,2014-12-16,2014-12-18,2014-12-16,6
30048032,"FAST 72hrs!!! Web Arena Max Live Leaderboard Assembly",Completed,600,3,2014-12-16,2014-12-18,2014-12-17,2
30048032,"FAST 72hrs!!! Web Arena Max Live Leaderboard Assembly",Completed,600,3,2014-12-16,2014-12-18,2014-12-18,2
30048033,"Web Arena - Bug Fix Inconsistent Scroll Bar","Cancelled - Client R",75,31,2014-12-15,2015-01-14,2014-12-16,1
30048033,"Web Arena - Bug Fix Inconsistent Scroll Bar","Cancelled - Client R",75,31,2014-12-15,2015-01-14,2014-12-18,1
30048033,"Web Arena - Bug Fix Inconsistent Scroll Bar","Cancelled - Client R",75,31,2014-12-15,2015-01-14,2014-12-19,1
30048033,"Web Arena - Bug Fix Inconsistent Scroll Bar","Cancelled - Client R",75,31,2014-12-15,2015-01-14,2014-12-23,2
30048036,"TopCoder Web Module - Reg2 Callback is Not Working","Cancelled - Client R",100,31,2014-12-16,2015-01-15,2014-12-16,2
30048036,"TopCoder Web Module - Reg2 Callback is Not Working","Cancelled - Client R",100,31,2014-12-16,2015-01-15,2014-12-18,3
30048036,"TopCoder Web Module - Reg2 Callback is Not Working","Cancelled - Client R",100,31,2014-12-16,2015-01-15,2014-12-19,2
30048037,"TopCoder Web Module - Fix Problem to Build and Deploy",Completed,100,31,2014-12-16,2015-01-15,2014-12-16,6
30048037,"TopCoder Web Module - Fix Problem to Build and Deploy",Completed,100,31,2014-12-16,2015-01-15,2014-12-17,1
30048037,"TopCoder Web Module - Fix Problem to Build and Deploy",Completed,100,31,2014-12-16,2015-01-15,2014-12-18,1
30048038,"Web Arena - Remember Me  Fix",Completed,50,31,2014-12-17,2015-01-16,2014-12-17,4
30048038,"Web Arena - Remember Me  Fix",Completed,50,31,2014-12-17,2015-01-16,2014-12-18,1
30048038,"Web Arena - Remember Me  Fix",Completed,50,31,2014-12-17,2015-01-16,2014-12-19,1
30048038,"Web Arena - Remember Me  Fix",Completed,50,31,2014-12-17,2015-01-16,2014-12-20,1
30048038,"Web Arena - Remember Me  Fix",Completed,50,31,2014-12-17,2015-01-16,2014-12-21,3
30048038,"Web Arena - Remember Me  Fix",Completed,50,31,2014-12-17,2015-01-16,2014-12-22,2
30048038,"Web Arena - Remember Me  Fix",Completed,50,31,2014-12-17,2015-01-16,2014-12-23,2
30048056,"Web Arena - Bug Fix I-143203",Completed,50,31,2014-12-17,2015-01-16,2014-12-17,1
30048056,"Web Arena - Bug Fix I-143203",Completed,50,31,2014-12-17,2015-01-16,2014-12-18,1
30048057,"Web Arena - Bug Fix I-143205",Completed,50,31,2014-12-17,2015-01-16,2014-12-17,2
30048057,"Web Arena - Bug Fix I-143205",Completed,50,31,2014-12-17,2015-01-16,2014-12-18,3
30048057,"Web Arena - Bug Fix I-143205",Completed,50,31,2014-12-17,2015-01-16,2014-12-19,3
30048057,"Web Arena - Bug Fix I-143205",Completed,50,31,2014-12-17,2015-01-16,2014-12-22,1
30048057,"Web Arena - Bug Fix I-143205",Completed,50,31,2014-12-17,2015-01-16,2014-12-23,1
30048057,"Web Arena - Bug Fix I-143205",Completed,50,31,2014-12-17,2015-01-16,2014-12-24,1
30048057,"Web Arena - Bug Fix I-143205",Completed,50,31,2014-12-17,2015-01-16,2014-12-25,1
30048058,"Web Arena - Bug Fix Floating Footer",Completed,50,31,2014-12-17,2015-01-16,2014-12-17,5
30048058,"Web Arena - Bug Fix Floating Footer",Completed,50,31,2014-12-17,2015-01-16,2014-12-18,1
30048059,"TopCoder Competition Engine - Fix Challenge Message","Cancelled - Requirem",80,31,2014-12-17,2015-01-16,2014-12-17,7
30048059,"TopCoder Competition Engine - Fix Challenge Message","Cancelled - Requirem",80,31,2014-12-17,2015-01-16,2014-12-18,3
30048059,"TopCoder Competition Engine - Fix Challenge Message","Cancelled - Requirem",80,31,2014-12-17,2015-01-16,2014-12-19,3
30048079,"Quick 96hrs!! Module Assembly - Web Arena - Setting Panel for Chat Widget",Completed,1050,3,2014-12-18,2014-12-20,2014-12-18,3
30048079,"Quick 96hrs!! Module Assembly - Web Arena - Setting Panel for Chat Widget",Completed,1050,3,2014-12-18,2014-12-20,2014-12-19,4
30048079,"Quick 96hrs!! Module Assembly - Web Arena - Setting Panel for Chat Widget",Completed,1050,3,2014-12-18,2014-12-20,2014-12-20,1
30048081,"Quick 72hrs!! Module Assembly - Web Arena - Challenge Advertising Widget Improvement",Completed,600,3,2014-12-18,2014-12-20,2014-12-18,3
30048081,"Quick 72hrs!! Module Assembly - Web Arena - Challenge Advertising Widget Improvement",Completed,600,3,2014-12-18,2014-12-20,2014-12-19,4
30048081,"Quick 72hrs!! Module Assembly - Web Arena - Challenge Advertising Widget Improvement",Completed,600,3,2014-12-18,2014-12-20,2014-12-20,2
30048082,"Web Arena -  Fix Match Plan Issues",Completed,200,31,2014-12-18,2015-01-17,2014-12-18,5
30048082,"Web Arena -  Fix Match Plan Issues",Completed,200,31,2014-12-18,2015-01-17,2014-12-19,8
30048082,"Web Arena -  Fix Match Plan Issues",Completed,200,31,2014-12-18,2015-01-17,2014-12-20,1
30048084,"Web Arena - Leaderboard Performance Improvement",Completed,1500,3,2014-12-18,2014-12-20,2014-12-18,1
30048084,"Web Arena - Leaderboard Performance Improvement",Completed,1500,3,2014-12-18,2014-12-20,2014-12-19,9
30048084,"Web Arena - Leaderboard Performance Improvement",Completed,1500,3,2014-12-18,2014-12-20,2014-12-20,5
30048085,"[Bug Bounty] - TC Web Arena PAY PER BUG FIX Challenge 3",Completed,1,24,2014-12-19,2015-01-11,2014-12-19,4
30048085,"[Bug Bounty] - TC Web Arena PAY PER BUG FIX Challenge 3",Completed,1,24,2014-12-19,2015-01-11,2014-12-20,3
30048085,"[Bug Bounty] - TC Web Arena PAY PER BUG FIX Challenge 3",Completed,1,24,2014-12-19,2015-01-11,2014-12-21,1
30048085,"[Bug Bounty] - TC Web Arena PAY PER BUG FIX Challenge 3",Completed,1,24,2014-12-19,2015-01-11,2014-12-22,5
30048085,"[Bug Bounty] - TC Web Arena PAY PER BUG FIX Challenge 3",Completed,1,24,2014-12-19,2015-01-11,2014-12-24,1
30048085,"[Bug Bounty] - TC Web Arena PAY PER BUG FIX Challenge 3",Completed,1,24,2014-12-19,2015-01-11,2014-12-25,2
30048085,"[Bug Bounty] - TC Web Arena PAY PER BUG FIX Challenge 3",Completed,1,24,2014-12-19,2015-01-11,2014-12-26,4
30048085,"[Bug Bounty] - TC Web Arena PAY PER BUG FIX Challenge 3",Completed,1,24,2014-12-19,2015-01-11,2014-12-27,1
30048085,"[Bug Bounty] - TC Web Arena PAY PER BUG FIX Challenge 3",Completed,1,24,2014-12-19,2015-01-11,2014-12-28,2
30048085,"[Bug Bounty] - TC Web Arena PAY PER BUG FIX Challenge 3",Completed,1,24,2014-12-19,2015-01-11,2014-12-29,3
30048085,"[Bug Bounty] - TC Web Arena PAY PER BUG FIX Challenge 3",Completed,1,24,2014-12-19,2015-01-11,2014-12-30,2
30048085,"[Bug Bounty] - TC Web Arena PAY PER BUG FIX Challenge 3",Completed,1,24,2014-12-19,2015-01-11,2014-12-31,2
30048085,"[Bug Bounty] - TC Web Arena PAY PER BUG FIX Challenge 3",Completed,1,24,2014-12-19,2015-01-11,2015-01-02,1
30048085,"[Bug Bounty] - TC Web Arena PAY PER BUG FIX Challenge 3",Completed,1,24,2014-12-19,2015-01-11,2015-01-03,1
30048085,"[Bug Bounty] - TC Web Arena PAY PER BUG FIX Challenge 3",Completed,1,24,2014-12-19,2015-01-11,2015-01-04,1
30048085,"[Bug Bounty] - TC Web Arena PAY PER BUG FIX Challenge 3",Completed,1,24,2014-12-19,2015-01-11,2015-01-05,2
30048085,"[Bug Bounty] - TC Web Arena PAY PER BUG FIX Challenge 3",Completed,1,24,2014-12-19,2015-01-11,2015-01-07,2
30048085,"[Bug Bounty] - TC Web Arena PAY PER BUG FIX Challenge 3",Completed,1,24,2014-12-19,2015-01-11,2015-01-08,3
30048087,"test yo","Cancelled - Failed R",200,4,2014-12-19,2014-12-22,2014-12-19,2
30048087,"test yo","Cancelled - Failed R",200,4,2014-12-19,2014-12-22,2014-12-20,3
30048087,"test yo","Cancelled - Failed R",200,4,2014-12-19,2014-12-22,2014-12-21,3
30048087,"test yo","Cancelled - Failed R",200,4,2014-12-19,2014-12-22,2014-12-22,2
30048129,"TC API - Get Rounds API",Completed,1500,3,2014-12-20,2014-12-22,2014-12-20,5
30048129,"TC API - Get Rounds API",Completed,1500,3,2014-12-20,2014-12-22,2014-12-21,7
30048129,"TC API - Get Rounds API",Completed,1500,3,2014-12-20,2014-12-22,2014-12-22,3
30048134,"Web Arena - Scrolling Issues Fixes Assembly",Completed,900,3,2014-12-24,2014-12-26,2014-12-24,3
30048134,"Web Arena - Scrolling Issues Fixes Assembly",Completed,900,3,2014-12-24,2014-12-26,2014-12-25,5
30048134,"Web Arena - Scrolling Issues Fixes Assembly",Completed,900,3,2014-12-24,2014-12-26,2014-12-26,3
30048169,"Quick 72hr!!! TC API - Get SRM Schedule API Update",Completed,750,3,2014-12-24,2014-12-26,2014-12-24,6
30048169,"Quick 72hr!!! TC API - Get SRM Schedule API Update",Completed,750,3,2014-12-24,2014-12-26,2014-12-25,5
30048170,"Web Arena - Create Consolidated Setup Guide For Windows",Completed,100,31,2014-12-23,2015-01-22,2014-12-23,2
30048170,"Web Arena - Create Consolidated Setup Guide For Windows",Completed,100,31,2014-12-23,2015-01-22,2014-12-24,3
30048170,"Web Arena - Create Consolidated Setup Guide For Windows",Completed,100,31,2014-12-23,2015-01-22,2014-12-25,1
30048172,"Module Assembly - Fix New Arena Services Running in Arena VM",Completed,1500,3,2014-12-24,2014-12-26,2014-12-24,8
30048172,"Module Assembly - Fix New Arena Services Running in Arena VM",Completed,1500,3,2014-12-24,2014-12-26,2014-12-26,2
30048186,"Module Assembly - Web Arena - Run System Testing Support For Practice Problems",Completed,1200,3,2014-12-25,2014-12-27,2014-12-25,5
30048186,"Module Assembly - Web Arena - Run System Testing Support For Practice Problems",Completed,1200,3,2014-12-25,2014-12-27,2014-12-26,4
30048186,"Module Assembly - Web Arena - Run System Testing Support For Practice Problems",Completed,1200,3,2014-12-25,2014-12-27,2014-12-27,2
30048188,"Web Arena - Create Consolidated Setup Guide For CentOS 6.x",Completed,50,31,2014-12-25,2015-01-24,2014-12-26,3
30048189,"Web Arena - Create Consolidated Setup Guide For Ubuntu",Completed,50,31,2014-12-25,2015-01-24,2014-12-25,1
30048189,"Web Arena - Create Consolidated Setup Guide For Ubuntu",Completed,50,31,2014-12-25,2015-01-24,2014-12-26,3
30048189,"Web Arena - Create Consolidated Setup Guide For Ubuntu",Completed,50,31,2014-12-25,2015-01-24,2014-12-27,1
30048190,"Web Arena - Create Consolidated Setup Guide For Mac OS X",Completed,60,31,2014-12-25,2015-01-24,2014-12-26,5
30048191,"Quick 96hrs!! Module Assembly - TopCoder Competition Engine - Return Time Infos When Opening Problems",Completed,1200,3,2014-12-26,2014-12-28,2014-12-26,5
30048191,"Quick 96hrs!! Module Assembly - TopCoder Competition Engine - Return Time Infos When Opening Problems",Completed,1200,3,2014-12-26,2014-12-28,2014-12-27,7
30048191,"Quick 96hrs!! Module Assembly - TopCoder Competition Engine - Return Time Infos When Opening Problems",Completed,1200,3,2014-12-26,2014-12-28,2014-12-28,7
30048210,"Module Assembly - Web Arena - Update Match Summary Tab Within Active Matches Widget",Completed,1500,3,2014-12-30,2015-01-01,2014-12-30,11
30048210,"Module Assembly - Web Arena - Update Match Summary Tab Within Active Matches Widget",Completed,1500,3,2014-12-30,2015-01-01,2014-12-31,4
30048210,"Module Assembly - Web Arena - Update Match Summary Tab Within Active Matches Widget",Completed,1500,3,2014-12-30,2015-01-01,2015-01-01,1
30048211,"Quick 72hrs!! Module Assembly - TopCoder Competition Engine - Improve Automated Notification Messages",Completed,750,3,2014-12-30,2015-01-01,2014-12-30,6
30048211,"Quick 72hrs!! Module Assembly - TopCoder Competition Engine - Improve Automated Notification Messages",Completed,750,3,2014-12-30,2015-01-01,2014-12-31,6
30048211,"Quick 72hrs!! Module Assembly - TopCoder Competition Engine - Improve Automated Notification Messages",Completed,750,3,2014-12-30,2015-01-01,2015-01-01,1
30048229,"Quick 96hrs!! Module Assembly - Web Arena - Fix Empty Problem Statement Arena Issue",Completed,900,3,2014-12-30,2015-01-01,2014-12-30,9
30048229,"Quick 96hrs!! Module Assembly - Web Arena - Fix Empty Problem Statement Arena Issue",Completed,900,3,2014-12-30,2015-01-01,2014-12-31,5
30048229,"Quick 96hrs!! Module Assembly - Web Arena - Fix Empty Problem Statement Arena Issue",Completed,900,3,2014-12-30,2015-01-01,2015-01-01,1
30048230,"Web Arena Fix - Turn on auto end when creating SRM Round in Match Creation Wizard",Completed,50,31,2014-12-30,2015-01-29,2014-12-30,2
30048232,"PoC Assembly - Web Arena - Recovery From Lost Connection",Completed,1800,3,2014-12-30,2015-01-01,2014-12-30,12
30048232,"PoC Assembly - Web Arena - Recovery From Lost Connection",Completed,1800,3,2014-12-30,2015-01-01,2014-12-31,4
30048232,"PoC Assembly - Web Arena - Recovery From Lost Connection",Completed,1800,3,2014-12-30,2015-01-01,2015-01-01,1
30048252,"Module Assembly - Web Arena - Match Management Page Load Improvement",Completed,1500,3,2015-01-01,2015-01-03,2015-01-01,8
30048252,"Module Assembly - Web Arena - Match Management Page Load Improvement",Completed,1500,3,2015-01-01,2015-01-03,2015-01-02,4
30048252,"Module Assembly - Web Arena - Match Management Page Load Improvement",Completed,1500,3,2015-01-01,2015-01-03,2015-01-03,4
30048299,"!!Fast 72hrs - Web Arena Sponsorship Configuration Assembly","Cancelled - Requirem",600,3,2015-01-15,2015-01-17,2015-01-16,5
30048299,"!!Fast 72hrs - Web Arena Sponsorship Configuration Assembly","Cancelled - Requirem",600,3,2015-01-15,2015-01-17,2015-01-17,2
30048301,"Web Arena Keyboard shortcuts Assembly",Completed,1500,3,2015-01-15,2015-01-17,2015-01-15,2
30048301,"Web Arena Keyboard shortcuts Assembly",Completed,1500,3,2015-01-15,2015-01-17,2015-01-16,16
30048301,"Web Arena Keyboard shortcuts Assembly",Completed,1500,3,2015-01-15,2015-01-17,2015-01-17,3
30048304,"Github Wiki Creation - Create Wiki Page for Creating SRM Problem Using MPSQAS Client",Completed,50,31,2015-01-05,2015-02-04,2015-01-05,1
30048305,"Github Wiki Creation - Create Wiki Page for Creating MM Problem Using MPSQAS Client",Completed,50,31,2015-01-05,2015-02-04,2015-01-05,3
30048306,"Github Wiki Creation - Create Wiki Page for Creating Mararathon Match Using Admin Tool",Completed,30,31,2015-01-05,2015-02-04,2015-01-05,4
30048307,"Github Wiki Creation - Create Wiki Page for Creating Single Round Match Using Admin Tool",Completed,40,31,2015-01-05,2015-02-04,2015-01-05,5
30048337,"TC API - Set Round Components API Update",Completed,50,31,2015-01-06,2015-02-05,2015-01-06,2
30048337,"TC API - Set Round Components API Update",Completed,50,31,2015-01-06,2015-02-05,2015-01-07,2
30048338,"TC API - Get Rounds API Update",Completed,150,31,2015-01-06,2015-02-05,2015-01-06,2
30048338,"TC API - Get Rounds API Update",Completed,150,31,2015-01-06,2015-02-05,2015-01-07,1
30048339,"Web Arena UI Prototype - Update Icon for Run System Tests",Completed,50,31,2015-01-06,2015-02-05,2015-01-07,7
30048341,"Quick 96hrs!! Module Assembly - Web Arena - Replace ng-scrollbar with prefect-scrollbar","Cancelled - Zero Sub",900,3,2015-01-07,2015-01-09,2015-01-07,8
30048341,"Quick 96hrs!! Module Assembly - Web Arena - Replace ng-scrollbar with prefect-scrollbar","Cancelled - Zero Sub",900,3,2015-01-07,2015-01-09,2015-01-08,8
30048341,"Quick 96hrs!! Module Assembly - Web Arena - Replace ng-scrollbar with prefect-scrollbar","Cancelled - Zero Sub",900,3,2015-01-07,2015-01-09,2015-01-09,2
30048369,"Web Arena - Show Editorial Link Properly in Practice Problem Coding Page",Completed,150,31,2015-01-08,2015-02-07,2015-01-08,1
30048369,"Web Arena - Show Editorial Link Properly in Practice Problem Coding Page",Completed,150,31,2015-01-08,2015-02-07,2015-01-09,9
30048390,"Module Assembly - Web Arena - Replace ng-scrollbar with prefect-scrollbar",Completed,1200,3,2015-01-12,2015-01-14,2015-01-12,15
30048390,"Module Assembly - Web Arena - Replace ng-scrollbar with prefect-scrollbar",Completed,1200,3,2015-01-12,2015-01-14,2015-01-13,3
30048390,"Module Assembly - Web Arena - Replace ng-scrollbar with prefect-scrollbar",Completed,1200,3,2015-01-12,2015-01-14,2015-01-14,1
30048392,"TC API  - Authoriziation Logic Update - flag Web Arena Super User Role",Completed,50,31,2015-01-12,2015-02-11,2015-01-12,7
30048409,"Web Arena UI Prototype -  Update Coding Arena",Completed,150,31,2015-01-13,2015-02-12,2015-01-13,10
30048412,"Web Arena QA for 201501 Release",Completed,300,3,2015-01-23,2015-01-25,2015-01-23,7
30048433,"Web Arena UI Prototype - Fix Toggle for Theme Switcher",Completed,20,31,2015-01-13,2015-02-12,2015-01-13,1
30048433,"Web Arena UI Prototype - Fix Toggle for Theme Switcher",Completed,20,31,2015-01-13,2015-02-12,2015-01-14,1
30048435,"Web Arena UI - Current User Highlight in Chat Widget",Completed,30,31,2015-01-13,2015-02-12,2015-01-13,1
30048435,"Web Arena UI - Current User Highlight in Chat Widget",Completed,30,31,2015-01-13,2015-02-12,2015-01-14,3
30048437,"Web Arena - Fix 'Back to My Room' Button Displaying  Issue","Cancelled - Requirem",60,31,2015-01-13,2015-02-12,2015-01-13,2
30048437,"Web Arena - Fix 'Back to My Room' Button Displaying  Issue","Cancelled - Requirem",60,31,2015-01-13,2015-02-12,2015-01-14,4
30048437,"Web Arena - Fix 'Back to My Room' Button Displaying  Issue","Cancelled - Requirem",60,31,2015-01-13,2015-02-12,2015-01-15,2
30048437,"Web Arena - Fix 'Back to My Room' Button Displaying  Issue","Cancelled - Requirem",60,31,2015-01-13,2015-02-12,2015-01-16,1
30048437,"Web Arena - Fix 'Back to My Room' Button Displaying  Issue","Cancelled - Requirem",60,31,2015-01-13,2015-02-12,2015-01-17,2
30048437,"Web Arena - Fix 'Back to My Room' Button Displaying  Issue","Cancelled - Requirem",60,31,2015-01-13,2015-02-12,2015-01-19,2
30048437,"Web Arena - Fix 'Back to My Room' Button Displaying  Issue","Cancelled - Requirem",60,31,2015-01-13,2015-02-12,2015-01-20,1
30048437,"Web Arena - Fix 'Back to My Room' Button Displaying  Issue","Cancelled - Requirem",60,31,2015-01-13,2015-02-12,2015-01-21,1
30048437,"Web Arena - Fix 'Back to My Room' Button Displaying  Issue","Cancelled - Requirem",60,31,2015-01-13,2015-02-12,2015-01-23,1
30048437,"Web Arena - Fix 'Back to My Room' Button Displaying  Issue","Cancelled - Requirem",60,31,2015-01-13,2015-02-12,2015-01-27,1
30048437,"Web Arena - Fix 'Back to My Room' Button Displaying  Issue","Cancelled - Requirem",60,31,2015-01-13,2015-02-12,2015-01-30,2
30048438,"Web Arena UI - Fix Coder History Popup Problem",Completed,100,31,2015-01-14,2015-02-13,2015-01-14,8
30048438,"Web Arena UI - Fix Coder History Popup Problem",Completed,100,31,2015-01-14,2015-02-13,2015-01-15,2
30048438,"Web Arena UI - Fix Coder History Popup Problem",Completed,100,31,2015-01-14,2015-02-13,2015-01-16,2
30048438,"Web Arena UI - Fix Coder History Popup Problem",Completed,100,31,2015-01-14,2015-02-13,2015-01-18,2
30048438,"Web Arena UI - Fix Coder History Popup Problem",Completed,100,31,2015-01-14,2015-02-13,2015-01-20,1
30048438,"Web Arena UI - Fix Coder History Popup Problem",Completed,100,31,2015-01-14,2015-02-13,2015-01-21,2
30048438,"Web Arena UI - Fix Coder History Popup Problem",Completed,100,31,2015-01-14,2015-02-13,2015-01-22,1
30048438,"Web Arena UI - Fix Coder History Popup Problem",Completed,100,31,2015-01-14,2015-02-13,2015-01-23,3
30048438,"Web Arena UI - Fix Coder History Popup Problem",Completed,100,31,2015-01-14,2015-02-13,2015-01-25,2
30048438,"Web Arena UI - Fix Coder History Popup Problem",Completed,100,31,2015-01-14,2015-02-13,2015-01-26,2
30048438,"Web Arena UI - Fix Coder History Popup Problem",Completed,100,31,2015-01-14,2015-02-13,2015-01-27,3
30048438,"Web Arena UI - Fix Coder History Popup Problem",Completed,100,31,2015-01-14,2015-02-13,2015-01-30,1
30048439,"Web Arena UI Prototype - Fix Small DOT in Scrollbar",Completed,30,31,2015-01-14,2015-02-13,2015-01-14,2
30048440,"Web Arena UI - Sort Rounds Drop down  by Round Name In Leaderboard",Completed,30,31,2015-01-14,2015-02-13,2015-01-14,9
30048440,"Web Arena UI - Sort Rounds Drop down  by Round Name In Leaderboard",Completed,30,31,2015-01-14,2015-02-13,2015-01-15,1
30048453,"Web Arena Regression Testing and Recording for 201501 Release",Completed,300,3,2015-01-23,2015-01-25,2015-01-23,10
30048455,"Web Arena Functional Testing and Recording for 201501 Release",Completed,100,3,2015-01-23,2015-01-25,2015-01-23,8
30048469,"TopCoder Competition Engine - Resize the Round Dialog To Show the Content Properly","Cancelled - Requirem",50,31,2015-01-15,2015-02-14,2015-01-15,2
30048469,"TopCoder Competition Engine - Resize the Round Dialog To Show the Content Properly","Cancelled - Requirem",50,31,2015-01-15,2015-02-14,2015-01-16,5
30048470,"Web Arena - Fix Problem to Change and Load Round",Completed,100,31,2015-01-15,2015-02-14,2015-01-16,5
30048470,"Web Arena - Fix Problem to Change and Load Round",Completed,100,31,2015-01-15,2015-02-14,2015-01-17,3
30048470,"Web Arena - Fix Problem to Change and Load Round",Completed,100,31,2015-01-15,2015-02-14,2015-01-18,4
30048470,"Web Arena - Fix Problem to Change and Load Round",Completed,100,31,2015-01-15,2015-02-14,2015-01-19,1
30048488,"Quick 96hrs!!! Web Arena UI - Floating Live Scoring Widget",Completed,1200,4,2015-01-17,2015-01-20,2015-01-17,4
30048488,"Quick 96hrs!!! Web Arena UI - Floating Live Scoring Widget",Completed,1200,4,2015-01-17,2015-01-20,2015-01-18,5
30048488,"Quick 96hrs!!! Web Arena UI - Floating Live Scoring Widget",Completed,1200,4,2015-01-17,2015-01-20,2015-01-19,2
30048488,"Quick 96hrs!!! Web Arena UI - Floating Live Scoring Widget",Completed,1200,4,2015-01-17,2015-01-20,2015-01-20,3
30048497,"TC API - Create SRM Round API Update",Completed,100,31,2015-01-19,2015-02-18,2015-01-19,3
30048498,"TC API - Get Rounds API Update",Completed,100,31,2015-01-19,2015-02-18,2015-01-19,4
30048498,"TC API - Get Rounds API Update",Completed,100,31,2015-01-19,2015-02-18,2015-01-20,1
30048499,"TC API - Modify SRM Round API Update",Completed,60,31,2015-01-19,2015-02-18,2015-01-19,7
30048500,"TC API - List SRM Problems API Update",Completed,60,31,2015-01-19,2015-02-18,2015-01-19,5
30048527,"TC API - Create SRM Contest API and Modify SRM Contest API Update",Completed,60,31,2015-01-21,2015-02-20,2015-01-21,3
30048528,"PoC Assembly - TopCoder Competition Engine - Figure Out Way to Setup Linux Processor In a Different VM",Completed,1200,3,2015-01-21,2015-01-23,2015-01-21,5
30048528,"PoC Assembly - TopCoder Competition Engine - Figure Out Way to Setup Linux Processor In a Different VM",Completed,1200,3,2015-01-21,2015-01-23,2015-01-22,2
30048528,"PoC Assembly - TopCoder Competition Engine - Figure Out Way to Setup Linux Processor In a Different VM",Completed,1200,3,2015-01-21,2015-01-23,2015-01-23,1
30048540,"TC API - Set Round Language API Update",Completed,30,31,2015-01-22,2015-02-21,2015-01-22,1
30048541,"TC API - Set Round Segments API Update",Completed,30,31,2015-01-22,2015-02-21,2015-01-22,1
30048542,"TC API - List Round Problems API Update",Completed,30,31,2015-01-22,2015-02-21,2015-01-22,3
30048543,"TC API - List Round Components API Update",Completed,30,31,2015-01-22,2015-02-21,2015-01-22,2
30048544,"TC API - Set Round Components API Update",Completed,30,31,2015-01-22,2015-02-21,2015-01-22,1
30048545,"TC API - Set Round Terms API Update",Completed,30,31,2015-01-22,2015-02-21,2015-01-22,1
30048546,"TC API - Get Round Questions API Update",Completed,30,31,2015-01-22,2015-02-21,2015-01-22,1
30048547,"TC API - Add Round Question API Update",Completed,30,31,2015-01-22,2015-02-21,2015-01-22,1
30048548,"TC API - Delete Round Question API Update",Completed,30,31,2015-01-22,2015-02-21,2015-01-22,1
30048549,"TC API - Delete Round Question Answer API Update",Completed,30,31,2015-01-22,2015-02-21,2015-01-22,2
30048550,"TC API - Get Round Question Answers API Update",Completed,30,31,2015-01-22,2015-02-21,2015-01-22,2
30048551,"TC API - Add Round Question Answer API Update",Completed,30,31,2015-01-22,2015-02-21,2015-01-22,2
30048552,"TC API - Modify Round Question Answer API Update",Completed,30,31,2015-01-22,2015-02-21,2015-01-22,2
30048553,"TC API - Modify Round Question API Update",Completed,30,31,2015-01-22,2015-02-21,2015-01-22,2
30048589,"Web Arena - Add Sponsorship Logo Configs",Completed,50,31,2015-01-25,2015-02-24,2015-01-25,2
30048589,"Web Arena - Add Sponsorship Logo Configs",Completed,50,31,2015-01-25,2015-02-24,2015-01-26,2
30048589,"Web Arena - Add Sponsorship Logo Configs",Completed,50,31,2015-01-25,2015-02-24,2015-01-27,1
30048589,"Web Arena - Add Sponsorship Logo Configs",Completed,50,31,2015-01-25,2015-02-24,2015-01-30,1
30048593,"Web Arena - Update Set Terms Dialog",Completed,80,31,2015-01-25,2015-02-24,2015-01-25,2
30048593,"Web Arena - Update Set Terms Dialog",Completed,80,31,2015-01-25,2015-02-24,2015-01-26,2
30048594,"TopCoder Competition Engine - Support Instant Match Type",Completed,200,31,2015-01-26,2015-02-25,2015-01-26,8
30048594,"TopCoder Competition Engine - Support Instant Match Type",Completed,200,31,2015-01-26,2015-02-25,2015-01-27,1
30048733,"Quick 72hrs!! Module Assembly - Web Arena - Integrate Floating Live Scoring Widget","Cancelled - Zero Sub",900,3,2015-01-30,2015-02-01,2015-01-30,4
30048733,"Quick 72hrs!! Module Assembly - Web Arena - Integrate Floating Live Scoring Widget","Cancelled - Zero Sub",900,3,2015-01-30,2015-02-01,2015-01-31,2
30048733,"Quick 72hrs!! Module Assembly - Web Arena - Integrate Floating Live Scoring Widget","Cancelled - Zero Sub",900,3,2015-01-30,2015-02-01,2015-02-01,3
30048740,"Quickly 72hrs!!! Module Assembly - Web Arena - Share SRM Results Socially",Completed,750,3,2015-01-30,2015-02-01,2015-01-30,5
30048740,"Quickly 72hrs!!! Module Assembly - Web Arena - Share SRM Results Socially",Completed,750,3,2015-01-30,2015-02-01,2015-01-31,4
30048740,"Quickly 72hrs!!! Module Assembly - Web Arena - Share SRM Results Socially",Completed,750,3,2015-01-30,2015-02-01,2015-02-01,6
30048742,"Web Arena - Support Match Brackets Addon in Coding Page",Completed,100,31,2015-01-30,2015-03-01,2015-01-30,6
30048756,"TC 3.0 VM Update - Setup Cloud9 IDE for Arena Codebase",Completed,100,31,2015-01-31,2015-03-02,2015-01-31,5
30048779,"TopCoder Competition Engine - Code Analysis for Last Event Data",Completed,80,31,2015-02-02,2015-03-04,2015-02-02,7
